images_nb_480.png,nb
images_mx_1951.png,mx
images_mx_1773.png,mx
images_mx_1415.png,mx
images_mx_2043.png,mx
images_nb_29.png,nb
images_mx_1765.png,mx
images_c_1117.png,c
images_nb_112.png,nb
images_c_1027.png,c
images_nb_147.png,nb
images_c_957.png,c
images_mx_1493.png,mx
images_mx_1918.png,mx
images_c_1228.png,c
images_mx_1766.png,mx
images_c_1287.png,c
images_c_1318.png,c
images_mx_1482.png,mx
images_c_1078.png,c
images_mx_2004.png,mx
images_nb_694.png,nb
images_c_735.png,c
images_mx_1718.png,mx
images_c_1277.png,c
images_mx_1760.png,mx
images_mx_1770.png,mx
images_c_1101.png,c
images_c_1069.png,c
images_mx_1476.png,mx
images_c_1379.png,c
images_c_877.png,c
images_mx_1680.png,mx
images_nb_76.png,nb
images_mx_1710.png,mx
images_c_1200.png,c
images_nb_409.png,nb
images_c_1188.png,c
images_mx_1816.png,mx
images_mx_1526.png,mx
images_mx_1641.png,mx
images_mx_1966.png,mx
images_nb_620.png,nb
images_nb_586.png,nb
images_nb_324.png,nb
images_mx_1862.png,mx
images_nb_166.png,nb
images_c_1356.png,c
images_mx_1541.png,mx
images_mx_1651.png,mx
images_c_1047.png,c
images_mx_1599.png,mx
images_c_1120.png,c
images_mx_1907.png,mx
images_c_902.png,c
images_nb_560.png,nb
images_nb_132.png,nb
images_nb_82.png,nb
images_nb_577.png,nb
images_mx_1592.png,mx
images_nb_267.png,nb
images_c_1189.png,c
images_mx_1515.png,mx
images_mx_1853.png,mx
images_c_916.png,c
images_nb_74.png,nb
images_c_1383.png,c
images_mx_1666.png,mx
images_nb_21.png,nb
images_c_718.png,c
images_mx_1919.png,mx
images_nb_226.png,nb
images_nb_237.png,nb
images_mx_1945.png,mx
images_mx_1492.png,mx
images_c_1215.png,c
images_mx_1833.png,mx
images_c_843.png,c
images_c_1162.png,c
images_c_1168.png,c
images_c_1240.png,c
images_nb_437.png,nb
images_mx_1898.png,mx
images_nb_138.png,nb
images_nb_622.png,nb
images_mx_1498.png,mx
images_mx_1457.png,mx
images_mx_1815.png,mx
images_nb_650.png,nb
images_mx_1997.png,mx
images_c_1180.png,c
images_mx_1984.png,mx
images_mx_1677.png,mx
images_nb_495.png,nb
images_c_906.png,c
images_c_996.png,c
images_nb_570.png,nb
images_mx_1634.png,mx
images_mx_1546.png,mx
images_c_905.png,c
images_c_1246.png,c
images_nb_195.png,nb
images_nb_572.png,nb
images_mx_1848.png,mx
images_nb_473.png,nb
images_c_1010.png,c
images_c_1212.png,c
images_mx_1530.png,mx
images_c_1357.png,c
images_mx_1563.png,mx
images_c_823.png,c
images_mx_1846.png,mx
images_c_878.png,c
images_c_749.png,c
images_mx_1825.png,mx
images_mx_1460.png,mx
images_c_1291.png,c
images_mx_1613.png,mx
images_mx_1707.png,mx
images_c_1349.png,c
images_mx_1615.png,mx
images_c_752.png,c
images_nb_304.png,nb
images_mx_1932.png,mx
images_c_861.png,c
images_c_1273.png,c
images_nb_510.png,nb
images_nb_511.png,nb
images_nb_344.png,nb
images_mx_1496.png,mx
images_nb_79.png,nb
images_mx_1450.png,mx
images_mx_1512.png,mx
images_mx_1453.png,mx
images_mx_1923.png,mx
images_mx_1878.png,mx
images_mx_1471.png,mx
images_nb_32.png,nb
images_c_1334.png,c
images_c_722.png,c
images_c_773.png,c
images_nb_254.png,nb
images_mx_2039.png,mx
images_nb_555.png,nb
images_mx_1758.png,mx
images_c_1230.png,c
images_c_853.png,c
images_nb_151.png,nb
images_mx_1422.png,mx
images_mx_1838.png,mx
images_nb_139.png,nb
images_mx_1813.png,mx
images_c_850.png,c
images_nb_534.png,nb
images_mx_1468.png,mx
images_c_1138.png,c
images_nb_507.png,nb
images_c_1019.png,c
images_nb_670.png,nb
images_nb_363.png,nb
images_mx_1443.png,mx
images_nb_31.png,nb
images_nb_233.png,nb
images_c_845.png,c
images_c_1197.png,c
images_c_1176.png,c
images_mx_1725.png,mx
images_nb_327.png,nb
images_nb_297.png,nb
images_nb_359.png,nb
images_mx_1836.png,mx
images_mx_2020.png,mx
images_mx_1942.png,mx
images_mx_2035.png,mx
images_c_868.png,c
images_nb_636.png,nb
images_nb_211.png,nb
images_c_1207.png,c
images_c_1043.png,c
images_nb_386.png,nb
images_nb_24.png,nb
images_c_810.png,c
images_mx_1418.png,mx
images_c_767.png,c
images_c_1116.png,c
images_nb_280.png,nb
images_mx_1426.png,mx
images_mx_1521.png,mx
images_mx_1779.png,mx
images_mx_1455.png,mx
images_nb_181.png,nb
images_c_1343.png,c
images_nb_239.png,nb
images_nb_370.png,nb
images_nb_436.png,nb
images_c_1307.png,c
images_c_711.png,c
images_mx_2044.png,mx
images_mx_1994.png,mx
images_nb_238.png,nb
images_mx_1571.png,mx
images_mx_1704.png,mx
images_nb_539.png,nb
images_nb_326.png,nb
images_c_822.png,c
images_nb_615.png,nb
images_mx_1626.png,mx
images_nb_492.png,nb
images_mx_2038.png,mx
images_nb_518.png,nb
images_mx_1736.png,mx
images_nb_544.png,nb
images_mx_1739.png,mx
images_mx_1960.png,mx
images_nb_216.png,nb
images_c_1009.png,c
images_mx_1986.png,mx
images_c_1090.png,c
images_c_776.png,c
images_mx_1454.png,mx
images_c_1077.png,c
images_c_1173.png,c
images_mx_2033.png,mx
images_nb_435.png,nb
images_mx_1683.png,mx
images_mx_1891.png,mx
images_nb_287.png,nb
images_mx_1653.png,mx
images_c_1154.png,c
images_mx_1864.png,mx
images_mx_1989.png,mx
images_mx_1719.png,mx
images_nb_26.png,nb
images_nb_263.png,nb
images_mx_1887.png,mx
images_mx_1549.png,mx
images_mx_1474.png,mx
images_nb_214.png,nb
images_c_855.png,c
images_nb_6.png,nb
images_c_917.png,c
images_c_1213.png,c
images_c_1218.png,c
images_mx_1456.png,mx
images_nb_354.png,nb
images_mx_1619.png,mx
images_nb_179.png,nb
images_nb_255.png,nb
images_mx_1733.png,mx
images_mx_1788.png,mx
images_nb_188.png,nb
images_c_893.png,c
images_c_808.png,c
images_mx_1790.png,mx
images_nb_476.png,nb
images_nb_303.png,nb
images_c_1122.png,c
images_c_1193.png,c
images_c_770.png,c
images_mx_1436.png,mx
images_nb_612.png,nb
images_nb_229.png,nb
images_mx_1618.png,mx
images_nb_466.png,nb
images_c_796.png,c
images_nb_353.png,nb
images_mx_1675.png,mx
images_nb_640.png,nb
images_nb_554.png,nb
images_c_881.png,c
images_nb_589.png,nb
images_mx_1681.png,mx
images_c_1088.png,c
images_nb_315.png,nb
images_mx_2029.png,mx
images_c_1174.png,c
images_c_1142.png,c
images_c_799.png,c
images_nb_624.png,nb
images_mx_1933.png,mx
images_c_993.png,c
images_nb_533.png,nb
images_nb_388.png,nb
images_nb_623.png,nb
images_c_777.png,c
images_c_826.png,c
images_c_874.png,c
images_mx_2049.png,mx
images_c_771.png,c
images_mx_1741.png,mx
images_mx_1603.png,mx
images_c_1016.png,c
images_c_1104.png,c
images_c_720.png,c
images_nb_341.png,nb
images_c_721.png,c
images_c_1037.png,c
images_mx_1537.png,mx
images_nb_676.png,nb
images_c_839.png,c
images_nb_39.png,nb
images_nb_606.png,nb
images_mx_1623.png,mx
images_nb_468.png,nb
images_mx_1852.png,mx
images_c_761.png,c
images_nb_361.png,nb
images_nb_77.png,nb
images_nb_103.png,nb
images_c_838.png,c
images_mx_1884.png,mx
images_c_790.png,c
images_mx_1883.png,mx
images_nb_472.png,nb
images_mx_1462.png,mx
images_c_1341.png,c
images_c_1332.png,c
images_c_1060.png,c
images_mx_2021.png,mx
images_nb_600.png,nb
images_nb_322.png,nb
images_mx_1832.png,mx
images_c_951.png,c
images_mx_1894.png,mx
images_nb_13.png,nb
images_mx_1668.png,mx
images_mx_1917.png,mx
images_mx_1553.png,mx
images_mx_1756.png,mx
images_mx_2031.png,mx
images_c_1093.png,c
images_c_1314.png,c
images_mx_1812.png,mx
images_nb_200.png,nb
images_nb_526.png,nb
images_c_844.png,c
images_nb_180.png,nb
images_c_1392.png,c
images_mx_1650.png,mx
images_c_769.png,c
images_mx_1985.png,mx
images_mx_2073.png,mx
images_nb_593.png,nb
images_c_950.png,c
images_nb_136.png,nb
images_c_1071.png,c
images_nb_374.png,nb
images_c_885.png,c
images_nb_141.png,nb
images_c_698.png,c
images_nb_2.png,nb
images_c_1167.png,c
images_nb_218.png,nb
images_nb_99.png,nb
images_c_1160.png,c
images_mx_1754.png,mx
images_nb_372.png,nb
images_nb_85.png,nb
images_mx_1696.png,mx
images_nb_144.png,nb
images_c_766.png,c
images_mx_1531.png,mx
images_c_992.png,c
images_mx_1861.png,mx
images_mx_2009.png,mx
images_nb_664.png,nb
images_c_1238.png,c
images_nb_192.png,nb
images_nb_538.png,nb
images_mx_1690.png,mx
images_c_978.png,c
images_nb_646.png,nb
images_mx_1823.png,mx
images_c_1201.png,c
images_mx_1607.png,mx
images_nb_129.png,nb
images_nb_203.png,nb
images_nb_392.png,nb
images_nb_692.png,nb
images_mx_1548.png,mx
images_nb_173.png,nb
images_mx_2030.png,mx
images_c_802.png,c
images_nb_487.png,nb
images_nb_530.png,nb
images_nb_278.png,nb
images_c_1163.png,c
images_mx_1656.png,mx
images_c_987.png,c
images_nb_106.png,nb
images_nb_407.png,nb
images_nb_592.png,nb
images_nb_630.png,nb
images_c_985.png,c
images_c_1253.png,c
images_c_977.png,c
images_nb_351.png,nb
images_mx_1472.png,mx
images_c_1275.png,c
images_nb_20.png,nb
images_mx_1437.png,mx
images_c_1322.png,c
images_mx_1648.png,mx
images_nb_626.png,nb
images_c_934.png,c
images_c_715.png,c
images_nb_104.png,nb
images_nb_232.png,nb
images_c_809.png,c
images_nb_413.png,nb
images_mx_2025.png,mx
images_c_801.png,c
images_mx_1839.png,mx
images_c_1221.png,c
images_c_954.png,c
images_nb_667.png,nb
images_mx_2005.png,mx
images_c_1305.png,c
images_mx_2007.png,mx
images_mx_1505.png,mx
images_c_778.png,c
images_c_1219.png,c
images_mx_1831.png,mx
images_c_779.png,c
images_mx_1662.png,mx
images_mx_1545.png,mx
images_mx_1566.png,mx
images_mx_1452.png,mx
images_c_1145.png,c
images_nb_298.png,nb
images_mx_1555.png,mx
images_nb_122.png,nb
images_c_1279.png,c
images_mx_1970.png,mx
images_mx_2076.png,mx
images_c_782.png,c
images_mx_1596.png,mx
images_mx_1695.png,mx
images_c_741.png,c
images_c_1266.png,c
images_mx_1847.png,mx
images_nb_663.png,nb
images_c_945.png,c
images_nb_156.png,nb
images_c_1035.png,c
images_mx_1604.png,mx
images_c_1375.png,c
images_mx_1875.png,mx
images_c_1126.png,c
images_mx_1642.png,mx
images_nb_277.png,nb
images_mx_1956.png,mx
images_c_708.png,c
images_mx_2079.png,mx
images_mx_1914.png,mx
images_c_1140.png,c
images_c_1394.png,c
images_nb_130.png,nb
images_mx_1711.png,mx
images_mx_1609.png,mx
images_nb_618.png,nb
images_nb_234.png,nb
images_nb_142.png,nb
images_mx_2065.png,mx
images_nb_65.png,nb
images_nb_73.png,nb
images_mx_1420.png,mx
images_nb_312.png,nb
images_c_932.png,c
images_c_1315.png,c
images_c_1251.png,c
images_nb_427.png,nb
images_mx_1669.png,mx
images_c_1232.png,c
images_mx_1789.png,mx
images_mx_2037.png,mx
images_nb_349.png,nb
images_nb_275.png,nb
images_nb_684.png,nb
images_mx_2054.png,mx
images_nb_227.png,nb
images_mx_1774.png,mx
images_mx_1787.png,mx
images_nb_313.png,nb
images_nb_358.png,nb
images_nb_60.png,nb
images_c_1070.png,c
images_nb_452.png,nb
images_c_806.png,c
images_c_774.png,c
images_c_1363.png,c
images_mx_2057.png,mx
images_mx_1889.png,mx
images_c_1391.png,c
images_c_786.png,c
images_mx_1594.png,mx
images_nb_257.png,nb
images_c_727.png,c
images_mx_1534.png,mx
images_c_935.png,c
images_c_827.png,c
images_c_1068.png,c
images_c_1008.png,c
images_mx_1851.png,mx
images_mx_1902.png,mx
images_mx_1490.png,mx
images_c_1298.png,c
images_mx_1404.png,mx
images_nb_17.png,nb
images_c_736.png,c
images_c_800.png,c
images_mx_2068.png,mx
images_mx_2081.png,mx
images_nb_171.png,nb
images_c_804.png,c
images_c_1370.png,c
images_c_1333.png,c
images_c_1374.png,c
images_nb_357.png,nb
images_c_1202.png,c
images_nb_579.png,nb
images_c_1259.png,c
images_c_964.png,c
images_nb_360.png,nb
images_c_1039.png,c
images_c_784.png,c
images_mx_1827.png,mx
images_nb_162.png,nb
images_c_729.png,c
images_nb_193.png,nb
images_c_1170.png,c
images_c_1378.png,c
images_c_817.png,c
images_c_994.png,c
images_c_1389.png,c
images_c_1119.png,c
images_nb_402.png,nb
images_c_760.png,c
images_c_762.png,c
images_c_931.png,c
images_nb_95.png,nb
images_c_990.png,c
images_mx_1920.png,mx
images_nb_550.png,nb
images_c_1335.png,c
images_nb_148.png,nb
images_nb_608.png,nb
images_nb_291.png,nb
images_c_852.png,c
images_nb_305.png,nb
images_nb_505.png,nb
images_c_947.png,c
images_c_940.png,c
images_c_744.png,c
images_mx_2089.png,mx
images_c_1294.png,c
images_c_854.png,c
images_mx_2063.png,mx
images_mx_1782.png,mx
images_mx_1661.png,mx
images_c_734.png,c
images_mx_1850.png,mx
images_nb_154.png,nb
images_mx_1502.png,mx
images_mx_2071.png,mx
images_c_1011.png,c
images_mx_1439.png,mx
images_mx_1574.png,mx
images_mx_1895.png,mx
images_nb_662.png,nb
images_mx_1943.png,mx
images_c_988.png,c
images_mx_1714.png,mx
images_mx_1809.png,mx
images_c_1118.png,c
images_c_879.png,c
images_c_1235.png,c
images_mx_1449.png,mx
images_mx_1513.png,mx
images_nb_491.png,nb
images_c_1355.png,c
images_c_1286.png,c
images_mx_1486.png,mx
images_c_825.png,c
images_c_1148.png,c
images_nb_422.png,nb
images_nb_652.png,nb
images_nb_269.png,nb
images_mx_1495.png,mx
images_mx_1540.png,mx
images_mx_1982.png,mx
images_c_1175.png,c
images_c_1046.png,c
images_c_869.png,c
images_mx_1676.png,mx
images_c_841.png,c
images_c_818.png,c
images_c_797.png,c
images_c_705.png,c
images_c_1003.png,c
images_nb_67.png,nb
images_c_880.png,c
images_nb_368.png,nb
images_mx_1685.png,mx
images_nb_196.png,nb
images_mx_1440.png,mx
images_mx_1886.png,mx
images_c_970.png,c
images_c_1187.png,c
images_c_873.png,c
images_mx_2066.png,mx
images_c_959.png,c
images_mx_2028.png,mx
images_nb_310.png,nb
images_c_1024.png,c
images_c_1220.png,c
images_nb_83.png,nb
images_nb_134.png,nb
images_c_909.png,c
images_nb_352.png,nb
images_nb_261.png,nb
images_c_967.png,c
images_nb_244.png,nb
images_nb_590.png,nb
images_c_1368.png,c
images_nb_599.png,nb
images_nb_16.png,nb
images_nb_15.png,nb
images_c_706.png,c
images_mx_1869.png,mx
images_mx_1552.png,mx
images_c_1164.png,c
images_nb_44.png,nb
images_c_1236.png,c
images_mx_1728.png,mx
images_c_862.png,c
images_c_832.png,c
images_mx_1688.png,mx
images_nb_420.png,nb
images_c_1089.png,c
images_nb_208.png,nb
images_nb_429.png,nb
images_mx_2082.png,mx
images_mx_1786.png,mx
images_nb_153.png,nb
images_c_1042.png,c
images_mx_1561.png,mx
images_nb_431.png,nb
images_c_702.png,c
images_c_1205.png,c
images_c_884.png,c
images_nb_565.png,nb
images_mx_1587.png,mx
images_mx_1709.png,mx
images_c_710.png,c
images_c_1248.png,c
images_mx_1934.png,mx
images_nb_253.png,nb
images_nb_365.png,nb
images_mx_1972.png,mx
images_nb_631.png,nb
images_c_858.png,c
images_nb_158.png,nb
images_nb_178.png,nb
images_mx_1516.png,mx
images_nb_282.png,nb
images_mx_2017.png,mx
images_mx_1742.png,mx
images_nb_96.png,nb
images_mx_1796.png,mx
images_mx_1873.png,mx
images_mx_1673.png,mx
images_mx_1908.png,mx
images_nb_680.png,nb
images_mx_1581.png,mx
images_nb_28.png,nb
images_mx_1528.png,mx
images_c_783.png,c
images_nb_314.png,nb
images_mx_1968.png,mx
images_nb_66.png,nb
images_nb_47.png,nb
images_mx_1734.png,mx
images_mx_1514.png,mx
images_mx_1905.png,mx
images_c_704.png,c
images_mx_1759.png,mx
images_mx_1743.png,mx
images_nb_206.png,nb
images_mx_2001.png,mx
images_nb_207.png,nb
images_mx_1504.png,mx
images_nb_504.png,nb
images_mx_1500.png,mx
images_mx_1686.png,mx
images_c_933.png,c
images_c_1316.png,c
images_nb_417.png,nb
images_nb_347.png,nb
images_mx_1829.png,mx
images_mx_1818.png,mx
images_mx_1791.png,mx
images_c_872.png,c
images_mx_1593.png,mx
images_c_738.png,c
images_nb_506.png,nb
images_mx_1857.png,mx
images_nb_306.png,nb
images_c_925.png,c
images_mx_1783.png,mx
images_c_918.png,c
images_nb_268.png,nb
images_c_1062.png,c
images_mx_1881.png,mx
images_nb_588.png,nb
images_c_1209.png,c
images_mx_1735.png,mx
images_mx_1893.png,mx
images_nb_677.png,nb
images_c_1063.png,c
images_nb_396.png,nb
images_c_1366.png,c
images_mx_1400.png,mx
images_c_1051.png,c
images_mx_1821.png,mx
images_mx_1950.png,mx
images_nb_644.png,nb
images_c_1224.png,c
images_c_962.png,c
images_mx_1987.png,mx
images_mx_1610.png,mx
images_c_1041.png,c
images_c_1274.png,c
images_c_965.png,c
images_c_1057.png,c
images_nb_59.png,nb
images_nb_242.png,nb
images_nb_395.png,nb
images_nb_191.png,nb
images_mx_1485.png,mx
images_mx_1874.png,mx
images_c_737.png,c
images_mx_1649.png,mx
images_nb_517.png,nb
images_nb_686.png,nb
images_nb_219.png,nb
images_nb_37.png,nb
images_c_1373.png,c
images_c_1015.png,c
images_nb_116.png,nb
images_nb_423.png,nb
images_mx_1771.png,mx
images_nb_477.png,nb
images_c_1239.png,c
images_c_1281.png,c
images_c_701.png,c
images_c_1306.png,c
images_nb_411.png,nb
images_c_719.png,c
images_mx_1780.png,mx
images_nb_240.png,nb
images_c_1342.png,c
images_nb_107.png,nb
images_mx_1716.png,mx
images_nb_198.png,nb
images_mx_2090.png,mx
images_c_887.png,c
images_c_1113.png,c
images_mx_1398.png,mx
images_nb_432.png,nb
images_c_1026.png,c
images_nb_69.png,nb
images_mx_1584.png,mx
images_nb_475.png,nb
images_nb_559.png,nb
images_nb_11.png,nb
images_mx_2083.png,mx
images_mx_1620.png,mx
images_nb_454.png,nb
images_c_1034.png,c
images_nb_266.png,nb
images_nb_367.png,nb
images_nb_133.png,nb
images_nb_98.png,nb
images_mx_1803.png,mx
images_mx_1799.png,mx
images_nb_299.png,nb
images_c_971.png,c
images_nb_583.png,nb
images_nb_595.png,nb
images_c_1030.png,c
images_mx_1423.png,mx
images_mx_1936.png,mx
images_c_1191.png,c
images_nb_109.png,nb
images_c_1054.png,c
images_mx_1965.png,mx
images_c_1005.png,c
images_mx_1858.png,mx
images_c_1380.png,c
images_mx_1523.png,mx
images_nb_459.png,nb
images_mx_1748.png,mx
images_mx_1480.png,mx
images_c_1244.png,c
images_mx_1935.png,mx
images_nb_461.png,nb
images_c_1081.png,c
images_mx_1830.png,mx
images_nb_653.png,nb
images_mx_1446.png,mx
images_mx_1964.png,mx
images_mx_1843.png,mx
images_c_912.png,c
images_mx_1560.png,mx
images_c_1297.png,c
images_mx_1699.png,mx
images_c_976.png,c
images_nb_532.png,nb
images_nb_629.png,nb
images_c_1127.png,c
images_mx_1828.png,mx
images_c_922.png,c
images_mx_1395.png,mx
images_c_751.png,c
images_c_907.png,c
images_nb_288.png,nb
images_c_750.png,c
images_mx_1835.png,mx
images_mx_1645.png,mx
images_c_1080.png,c
images_c_924.png,c
images_nb_638.png,nb
images_c_1129.png,c
images_c_788.png,c
images_mx_1775.png,mx
images_c_756.png,c
images_c_1227.png,c
images_c_1105.png,c
images_mx_1628.png,mx
images_mx_1926.png,mx
images_mx_1840.png,mx
images_c_1367.png,c
images_nb_231.png,nb
images_mx_1713.png,mx
images_nb_380.png,nb
images_nb_369.png,nb
images_c_1007.png,c
images_c_973.png,c
images_mx_1497.png,mx
images_c_1079.png,c
images_c_944.png,c
images_mx_1479.png,mx
images_c_1247.png,c
images_nb_458.png,nb
images_nb_501.png,nb
images_c_908.png,c
images_nb_260.png,nb
images_nb_474.png,nb
images_mx_1654.png,mx
images_mx_2048.png,mx
images_c_1313.png,c
images_mx_1764.png,mx
images_nb_197.png,nb
images_nb_209.png,nb
images_nb_552.png,nb
images_mx_1652.png,mx
images_mx_1664.png,mx
images_c_1141.png,c
images_nb_440.png,nb
images_nb_342.png,nb
images_mx_1983.png,mx
images_nb_50.png,nb
images_mx_1644.png,mx
images_nb_258.png,nb
images_mx_1722.png,mx
images_mx_1792.png,mx
images_mx_1867.png,mx
images_c_1073.png,c
images_c_768.png,c
images_mx_2010.png,mx
images_c_1111.png,c
images_mx_1612.png,mx
images_c_1092.png,c
images_mx_1635.png,mx
images_c_886.png,c
images_nb_674.png,nb
images_nb_323.png,nb
images_mx_1428.png,mx
images_c_1198.png,c
images_mx_2067.png,mx
images_c_1381.png,c
images_nb_512.png,nb
images_nb_187.png,nb
images_c_1021.png,c
images_nb_33.png,nb
images_nb_97.png,nb
images_mx_1978.png,mx
images_mx_2045.png,mx
images_mx_1807.png,mx
images_mx_1445.png,mx
images_mx_1585.png,mx
images_c_1285.png,c
images_nb_221.png,nb
images_c_1159.png,c
images_c_1331.png,c
images_c_1076.png,c
images_nb_170.png,nb
images_nb_68.png,nb
images_c_1194.png,c
images_c_1040.png,c
images_mx_1971.png,mx
images_nb_128.png,nb
images_mx_1520.png,mx
images_c_1265.png,c
images_c_914.png,c
images_mx_1880.png,mx
images_mx_1863.png,mx
images_nb_210.png,nb
images_mx_2061.png,mx
images_nb_335.png,nb
images_nb_8.png,nb
images_c_1178.png,c
images_nb_672.png,nb
images_mx_1637.png,mx
images_mx_1957.png,mx
images_nb_272.png,nb
images_nb_160.png,nb
images_mx_1583.png,mx
images_c_892.png,c
images_nb_18.png,nb
images_mx_1717.png,mx
images_mx_1598.png,mx
images_c_759.png,c
images_nb_645.png,nb
images_nb_289.png,nb
images_nb_498.png,nb
images_mx_1665.png,mx
images_mx_1890.png,mx
images_c_890.png,c
images_mx_1981.png,mx
images_nb_224.png,nb
images_c_1023.png,c
images_c_871.png,c
images_nb_509.png,nb
images_mx_2055.png,mx
images_nb_445.png,nb
images_nb_371.png,nb
images_c_1290.png,c
images_c_1044.png,c
images_mx_1729.png,mx
images_nb_250.png,nb
images_mx_1798.png,mx
images_mx_1576.png,mx
images_nb_376.png,nb
images_c_1359.png,c
images_nb_400.png,nb
images_nb_627.png,nb
images_mx_1953.png,mx
images_mx_1671.png,mx
images_mx_1720.png,mx
images_c_997.png,c
images_nb_62.png,nb
images_nb_690.png,nb
images_c_1130.png,c
images_nb_152.png,nb
images_nb_469.png,nb
images_nb_194.png,nb
images_c_875.png,c
images_c_1144.png,c
images_mx_1568.png,mx
images_mx_1795.png,mx
images_mx_1589.png,mx
images_c_828.png,c
images_c_1018.png,c
images_mx_1432.png,mx
images_c_709.png,c
images_nb_293.png,nb
images_c_1376.png,c
images_mx_2008.png,mx
images_mx_1938.png,mx
images_c_1013.png,c
images_nb_90.png,nb
images_mx_1749.png,mx
images_c_1095.png,c
images_nb_691.png,nb
images_c_1308.png,c
images_nb_632.png,nb
images_c_1346.png,c
images_nb_321.png,nb
images_mx_1544.png,mx
images_mx_1899.png,mx
images_nb_270.png,nb
images_c_895.png,c
images_nb_479.png,nb
images_mx_2058.png,mx
images_nb_603.png,nb
images_mx_1826.png,mx
images_mx_1547.png,mx
images_nb_265.png,nb
images_mx_1465.png,mx
images_mx_1414.png,mx
images_mx_1557.png,mx
images_mx_1805.png,mx
images_c_982.png,c
images_c_765.png,c
images_c_1000.png,c
images_nb_339.png,nb
images_mx_2088.png,mx
images_mx_1494.png,mx
images_mx_1913.png,mx
images_nb_279.png,nb
images_mx_1837.png,mx
images_c_937.png,c
images_nb_183.png,nb
images_c_1264.png,c
images_mx_1438.png,mx
images_c_1087.png,c
images_mx_1627.png,mx
images_mx_2080.png,mx
images_nb_594.png,nb
images_mx_1797.png,mx
images_mx_1459.png,mx
images_nb_309.png,nb
images_nb_101.png,nb
images_nb_389.png,nb
images_nb_587.png,nb
images_nb_448.png,nb
images_nb_696.png,nb
images_mx_1507.png,mx
images_c_900.png,c
images_c_1223.png,c
images_nb_397.png,nb
images_nb_318.png,nb
images_nb_57.png,nb
images_nb_527.png,nb
images_mx_1897.png,mx
images_nb_81.png,nb
images_nb_689.png,nb
images_c_700.png,c
images_nb_571.png,nb
images_c_1249.png,c
images_mx_1416.png,mx
images_c_1304.png,c
images_nb_46.png,nb
images_nb_4.png,nb
images_mx_1646.png,mx
images_mx_1691.png,mx
images_c_1059.png,c
images_c_740.png,c
images_c_1347.png,c
images_mx_1900.png,mx
images_mx_1712.png,mx
images_mx_1801.png,mx
images_mx_2074.png,mx
images_c_824.png,c
images_c_847.png,c
images_c_1020.png,c
images_mx_1877.png,mx
images_nb_252.png,nb
images_mx_1679.png,mx
images_nb_450.png,nb
images_mx_1752.png,mx
images_nb_117.png,nb
images_c_837.png,c
images_mx_1701.png,mx
images_mx_1434.png,mx
images_c_904.png,c
images_c_1097.png,c
images_c_901.png,c
images_c_1292.png,c
images_nb_126.png,nb
images_nb_22.png,nb
images_c_1102.png,c
images_nb_319.png,nb
images_c_1136.png,c
images_nb_213.png,nb
images_mx_1451.png,mx
images_nb_7.png,nb
images_c_755.png,c
images_mx_2091.png,mx
images_mx_2024.png,mx
images_mx_1930.png,mx
images_c_1208.png,c
images_c_1261.png,c
images_mx_1410.png,mx
images_nb_547.png,nb
images_nb_557.png,nb
images_nb_78.png,nb
images_nb_485.png,nb
images_c_860.png,c
images_mx_1591.png,mx
images_nb_281.png,nb
images_mx_1597.png,mx
images_mx_1845.png,mx
images_mx_1744.png,mx
images_c_1364.png,c
images_mx_1419.png,mx
images_nb_259.png,nb
images_mx_2046.png,mx
images_nb_131.png,nb
images_mx_1849.png,mx
images_mx_1464.png,mx
images_mx_1682.png,mx
images_mx_1730.png,mx
images_c_960.png,c
images_nb_225.png,nb
images_c_1293.png,c
images_c_1324.png,c
images_nb_19.png,nb
images_nb_573.png,nb
images_mx_1912.png,mx
images_c_1354.png,c
images_c_1312.png,c
images_nb_366.png,nb
images_mx_1698.png,mx
images_nb_199.png,nb
images_nb_9.png,nb
images_nb_697.png,nb
images_nb_635.png,nb
images_mx_1952.png,mx
images_c_831.png,c
images_mx_1854.png,mx
images_mx_1659.png,mx
images_nb_493.png,nb
images_mx_1990.png,mx
images_nb_467.png,nb
images_mx_1558.png,mx
images_c_699.png,c
images_mx_1963.png,mx
images_c_1231.png,c
images_c_794.png,c
images_mx_1543.png,mx
images_nb_438.png,nb
images_c_927.png,c
images_nb_576.png,nb
images_c_1056.png,c
images_c_920.png,c
images_nb_655.png,nb
images_nb_465.png,nb
images_nb_100.png,nb
images_nb_110.png,nb
images_c_732.png,c
images_nb_190.png,nb
images_mx_1909.png,mx
images_nb_88.png,nb
images_mx_1477.png,mx
images_c_958.png,c
images_nb_40.png,nb
images_nb_345.png,nb
images_nb_687.png,nb
images_c_1072.png,c
images_c_1278.png,c
images_mx_1478.png,mx
images_nb_460.png,nb
images_c_866.png,c
images_mx_1588.png,mx
images_nb_525.png,nb
images_nb_609.png,nb
images_c_1153.png,c
images_mx_1435.png,mx
images_c_1169.png,c
images_mx_1824.png,mx
images_c_772.png,c
images_nb_377.png,nb
images_c_1206.png,c
images_nb_384.png,nb
images_c_1107.png,c
images_mx_1509.png,mx
images_c_1082.png,c
images_mx_1606.png,mx
images_mx_1413.png,mx
images_c_923.png,c
images_nb_320.png,nb
images_nb_611.png,nb
images_mx_2026.png,mx
images_nb_433.png,nb
images_c_1361.png,c
images_nb_71.png,nb
images_nb_80.png,nb
images_nb_189.png,nb
images_mx_1974.png,mx
images_nb_56.png,nb
images_nb_456.png,nb
images_c_926.png,c
images_c_946.png,c
images_nb_442.png,nb
images_mx_1762.png,mx
images_mx_1757.png,mx
images_c_785.png,c
images_mx_1578.png,mx
images_nb_656.png,nb
images_c_1157.png,c
images_c_819.png,c
images_nb_230.png,nb
images_mx_1723.png,mx
images_mx_1738.png,mx
images_c_1124.png,c
images_nb_563.png,nb
images_c_1214.png,c
images_mx_1412.png,mx
images_nb_55.png,nb
images_nb_14.png,nb
images_mx_1911.png,mx
images_mx_1447.png,mx
images_nb_157.png,nb
images_c_836.png,c
images_mx_1458.png,mx
images_c_1272.png,c
images_mx_1524.png,mx
images_c_1258.png,c
images_c_1036.png,c
images_c_966.png,c
images_nb_566.png,nb
images_c_1328.png,c
images_c_1184.png,c
images_mx_1768.png,mx
images_c_897.png,c
images_c_1329.png,c
images_nb_317.png,nb
images_mx_1475.png,mx
images_nb_54.png,nb
images_mx_2003.png,mx
images_c_1242.png,c
images_mx_1763.png,mx
images_c_1323.png,c
images_c_1256.png,c
images_c_870.png,c
images_c_1179.png,c
images_mx_1527.png,mx
images_c_775.png,c
images_c_745.png,c
images_c_1350.png,c
images_mx_1407.png,mx
images_nb_661.png,nb
images_mx_1937.png,mx
images_mx_1882.png,mx
images_mx_2002.png,mx
images_c_915.png,c
images_mx_1396.png,mx
images_c_1022.png,c
images_c_1337.png,c
images_c_859.png,c
images_c_983.png,c
images_c_1086.png,c
images_c_1330.png,c
images_c_939.png,c
images_mx_1616.png,mx
images_nb_558.png,nb
images_nb_75.png,nb
images_c_1369.png,c
images_nb_551.png,nb
images_c_814.png,c
images_c_764.png,c
images_mx_1948.png,mx
images_mx_1996.png,mx
images_nb_114.png,nb
images_mx_1448.png,mx
images_mx_1916.png,mx
images_nb_108.png,nb
images_nb_648.png,nb
images_nb_120.png,nb
images_mx_1705.png,mx
images_nb_537.png,nb
images_c_846.png,c
images_nb_212.png,nb
images_c_1048.png,c
images_nb_481.png,nb
images_mx_2018.png,mx
images_nb_522.png,nb
images_c_999.png,c
images_c_919.png,c
images_nb_489.png,nb
images_nb_499.png,nb
images_c_1319.png,c
images_nb_220.png,nb
images_c_712.png,c
images_nb_675.png,nb
images_nb_262.png,nb
images_c_1150.png,c
images_nb_430.png,nb
images_nb_488.png,nb
images_nb_52.png,nb
images_c_1320.png,c
images_nb_482.png,nb
images_nb_228.png,nb
images_c_1045.png,c
images_mx_1605.png,mx
images_nb_403.png,nb
images_mx_1442.png,mx
images_c_952.png,c
images_mx_1841.png,mx
images_nb_641.png,nb
images_mx_1868.png,mx
images_nb_515.png,nb
images_mx_1941.png,mx
images_nb_602.png,nb
images_nb_584.png,nb
images_mx_1408.png,mx
images_c_1372.png,c
images_nb_500.png,nb
images_nb_514.png,nb
images_nb_597.png,nb
images_nb_607.png,nb
images_c_1243.png,c
images_nb_658.png,nb
images_nb_379.png,nb
images_c_830.png,c
images_nb_70.png,nb
images_nb_682.png,nb
images_nb_362.png,nb
images_c_1099.png,c
images_mx_2075.png,mx
images_mx_1617.png,mx
images_nb_295.png,nb
images_nb_425.png,nb
images_nb_245.png,nb
images_nb_642.png,nb
images_nb_399.png,nb
images_nb_373.png,nb
images_nb_561.png,nb
images_mx_1535.png,mx
images_mx_2070.png,mx
images_nb_564.png,nb
images_c_748.png,c
images_mx_1901.png,mx
images_nb_490.png,nb
images_nb_502.png,nb
images_mx_1636.png,mx
images_nb_58.png,nb
images_nb_223.png,nb
images_mx_2006.png,mx
images_mx_1781.png,mx
images_c_1211.png,c
images_c_1134.png,c
images_c_1192.png,c
images_nb_161.png,nb
images_mx_1536.png,mx
images_mx_2050.png,mx
images_nb_12.png,nb
images_mx_1550.png,mx
images_mx_1655.png,mx
images_c_1084.png,c
images_c_1317.png,c
images_mx_1892.png,mx
images_nb_45.png,nb
images_mx_1993.png,mx
images_c_1171.png,c
images_c_986.png,c
images_nb_508.png,nb
images_nb_27.png,nb
images_mx_1489.png,mx
images_nb_410.png,nb
images_c_1067.png,c
images_nb_94.png,nb
images_c_969.png,c
images_nb_186.png,nb
images_nb_264.png,nb
images_mx_1399.png,mx
images_c_979.png,c
images_mx_1622.png,mx
images_c_757.png,c
images_c_989.png,c
images_nb_143.png,nb
images_c_821.png,c
images_c_1229.png,c
images_c_1121.png,c
images_nb_569.png,nb
images_c_793.png,c
images_mx_1506.png,mx
images_nb_241.png,nb
images_c_1186.png,c
images_nb_406.png,nb
images_c_1382.png,c
images_c_758.png,c
images_mx_1463.png,mx
images_nb_483.png,nb
images_c_1289.png,c
images_nb_290.png,nb
images_nb_336.png,nb
images_mx_1822.png,mx
images_c_1302.png,c
images_nb_614.png,nb
images_nb_464.png,nb
images_c_1276.png,c
images_nb_3.png,nb
images_nb_236.png,nb
images_mx_1802.png,mx
images_nb_311.png,nb
images_c_1283.png,c
images_c_968.png,c
images_mx_1800.png,mx
images_mx_1915.png,mx
images_mx_1643.png,mx
images_nb_421.png,nb
images_nb_385.png,nb
images_c_953.png,c
images_c_1362.png,c
images_mx_1814.png,mx
images_mx_1556.png,mx
images_mx_1470.png,mx
images_c_848.png,c
images_c_857.png,c
images_c_1029.png,c
images_mx_1525.png,mx
images_mx_1687.png,mx
images_mx_1473.png,mx
images_mx_1518.png,mx
images_mx_1922.png,mx
images_nb_137.png,nb
images_mx_1522.png,mx
images_c_787.png,c
images_c_1012.png,c
images_nb_34.png,nb
images_c_1115.png,c
images_mx_1962.png,mx
images_mx_2023.png,mx
images_c_1260.png,c
images_nb_567.png,nb
images_mx_1778.png,mx
images_c_733.png,c
images_nb_582.png,nb
images_nb_531.png,nb
images_nb_1.png,nb
images_c_1147.png,c
images_nb_649.png,nb
images_nb_398.png,nb
images_mx_1879.png,mx
images_nb_308.png,nb
images_mx_1586.png,mx
images_c_1065.png,c
images_mx_1793.png,mx
images_c_1177.png,c
images_c_789.png,c
images_nb_115.png,nb
images_nb_528.png,nb
images_mx_1431.png,mx
images_c_1109.png,c
images_nb_470.png,nb
images_c_851.png,c
images_c_1384.png,c
images_nb_149.png,nb
images_c_995.png,c
images_mx_1865.png,mx
images_nb_177.png,nb
images_nb_205.png,nb
images_c_1309.png,c
images_nb_529.png,nb
images_mx_1647.png,mx
images_c_1270.png,c
images_nb_273.png,nb
images_nb_408.png,nb
images_nb_416.png,nb
images_c_1325.png,c
images_c_1106.png,c
images_c_815.png,c
images_mx_1694.png,mx
images_mx_1579.png,mx
images_c_1387.png,c
images_nb_332.png,nb
images_nb_541.png,nb
images_mx_2041.png,mx
images_mx_1417.png,mx
images_c_942.png,c
images_mx_1640.png,mx
images_c_1133.png,c
images_mx_2052.png,mx
images_c_1110.png,c
images_nb_616.png,nb
images_c_726.png,c
images_mx_1976.png,mx
images_nb_503.png,nb
images_c_713.png,c
images_mx_1572.png,mx
images_c_1139.png,c
images_mx_2053.png,mx
images_c_1064.png,c
images_mx_1785.png,mx
images_mx_1693.png,mx
images_mx_1810.png,mx
images_c_1002.png,c
images_nb_89.png,nb
images_nb_119.png,nb
images_c_1288.png,c
images_c_1299.png,c
images_c_1352.png,c
images_mx_1808.png,mx
images_nb_307.png,nb
images_nb_581.png,nb
images_nb_111.png,nb
images_c_1311.png,c
images_nb_596.png,nb
images_c_1155.png,c
images_mx_1411.png,mx
images_mx_2069.png,mx
images_nb_610.png,nb
images_c_1348.png,c
images_mx_1856.png,mx
images_nb_580.png,nb
images_nb_25.png,nb
images_nb_284.png,nb
images_c_1172.png,c
images_nb_519.png,nb
images_mx_1595.png,mx
images_mx_1750.png,mx
images_mx_1569.png,mx
images_mx_1481.png,mx
images_nb_338.png,nb
images_c_753.png,c
images_mx_2072.png,mx
images_nb_356.png,nb
images_mx_1727.png,mx
images_mx_1871.png,mx
images_c_1280.png,c
images_c_1393.png,c
images_mx_1745.png,mx
images_c_1217.png,c
images_nb_549.png,nb
images_nb_575.png,nb
images_nb_343.png,nb
images_c_743.png,c
images_mx_1954.png,mx
images_c_780.png,c
images_c_1149.png,c
images_mx_1977.png,mx
images_nb_84.png,nb
images_c_1001.png,c
images_mx_1921.png,mx
images_mx_1939.png,mx
images_nb_669.png,nb
images_nb_302.png,nb
images_c_1284.png,c
images_c_1114.png,c
images_mx_1658.png,mx
images_c_1014.png,c
images_mx_2087.png,mx
images_nb_414.png,nb
images_nb_520.png,nb
images_c_811.png,c
images_mx_1860.png,mx
images_c_898.png,c
images_nb_536.png,nb
images_mx_1903.png,mx
images_nb_53.png,nb
images_c_889.png,c
images_c_910.png,c
images_c_1137.png,c
images_mx_1896.png,mx
images_nb_35.png,nb
images_mx_2019.png,mx
images_c_1031.png,c
images_mx_1988.png,mx
images_c_1365.png,c
images_mx_2042.png,mx
images_nb_439.png,nb
images_c_1053.png,c
images_mx_1904.png,mx
images_c_1074.png,c
images_c_1358.png,c
images_mx_1487.png,mx
images_nb_601.png,nb
images_mx_1660.png,mx
images_nb_659.png,nb
images_mx_1955.png,mx
images_c_1390.png,c
images_mx_1740.png,mx
images_nb_276.png,nb
images_nb_647.png,nb
images_mx_1700.png,mx
images_nb_165.png,nb
images_nb_556.png,nb
images_nb_486.png,nb
images_mx_1678.png,mx
images_c_1151.png,c
images_mx_1600.png,mx
images_c_941.png,c
images_c_949.png,c
images_mx_1999.png,mx
images_mx_1406.png,mx
images_nb_215.png,nb
images_mx_1931.png,mx
images_c_1271.png,c
images_nb_163.png,nb
images_nb_155.png,nb
images_nb_424.png,nb
images_nb_497.png,nb
images_mx_1885.png,mx
images_c_936.png,c
images_mx_1629.png,mx
images_nb_159.png,nb
images_nb_455.png,nb
images_nb_484.png,nb
images_mx_2051.png,mx
images_nb_524.png,nb
images_c_725.png,c
images_nb_574.png,nb
images_mx_1580.png,mx
images_mx_1532.png,mx
images_nb_444.png,nb
images_nb_355.png,nb
images_c_1196.png,c
images_mx_1554.png,mx
images_c_1190.png,c
images_nb_639.png,nb
images_nb_340.png,nb
images_c_894.png,c
images_c_1345.png,c
images_c_1344.png,c
images_mx_1503.png,mx
images_c_974.png,c
images_mx_1567.png,mx
images_nb_478.png,nb
images_nb_328.png,nb
images_nb_457.png,nb
images_mx_1777.png,mx
images_nb_428.png,nb
images_c_742.png,c
images_mx_1491.png,mx
images_mx_1751.png,mx
images_mx_2014.png,mx
images_mx_1397.png,mx
images_nb_124.png,nb
images_mx_1959.png,mx
images_nb_426.png,nb
images_mx_2016.png,mx
images_nb_330.png,nb
images_nb_350.png,nb
images_c_963.png,c
images_c_833.png,c
images_mx_1811.png,mx
images_nb_378.png,nb
images_c_1233.png,c
images_c_1203.png,c
images_c_728.png,c
images_c_883.png,c
images_nb_637.png,nb
images_c_835.png,c
images_nb_405.png,nb
images_nb_683.png,nb
images_nb_613.png,nb
images_nb_685.png,nb
images_c_1017.png,c
images_c_1234.png,c
images_mx_1466.png,mx
images_c_730.png,c
images_nb_625.png,nb
images_c_928.png,c
images_c_1327.png,c
images_c_1257.png,c
images_nb_243.png,nb
images_mx_1834.png,mx
images_mx_1702.png,mx
images_mx_1737.png,mx
images_nb_48.png,nb
images_mx_1461.png,mx
images_mx_2015.png,mx
images_c_1038.png,c
images_nb_447.png,nb
images_nb_513.png,nb
images_c_1210.png,c
images_c_1262.png,c
images_mx_1726.png,mx
images_mx_2077.png,mx
images_mx_1731.png,mx
images_mx_1979.png,mx
images_nb_628.png,nb
images_nb_294.png,nb
images_mx_2040.png,mx
images_c_882.png,c
images_nb_446.png,nb
images_nb_578.png,nb
