Image,class
images_nf_1352.png,nf
images_f_2764.png,f
images_f_2833.png,f
images_f_2924.png,f
images_f_2510.png,f
images_f_3745.png,f
images_nf_1555.png,nf
images_f_2898.png,f
images_nf_1599.png,nf
images_nf_947.png,nf
images_nf_1531.png,nf
images_nf_136.png,nf
images_f_2369.png,f
images_f_3414.png,f
images_nf_1704.png,nf
images_f_3379.png,f
images_f_2239.png,f
images_f_2286.png,f
images_f_3782.png,f
images_nf_2208.png,nf
images_f_2403.png,f
images_f_4084.png,f
images_nf_579.png,nf
images_nf_1928.png,nf
images_f_2961.png,f
images_nf_1738.png,nf
images_nf_224.png,nf
images_f_2823.png,f
images_f_3247.png,f
images_nf_4.png,nf
images_f_2287.png,f
images_f_3466.png,f
images_f_3720.png,f
images_nf_320.png,nf
images_nf_474.png,nf
images_f_4011.png,f
images_nf_1105.png,nf
images_f_2334.png,f
images_nf_167.png,nf
images_nf_234.png,nf
images_nf_248.png,nf
images_f_3700.png,f
images_nf_1710.png,nf
images_f_3494.png,f
images_f_2652.png,f
images_nf_486.png,nf
images_f_4369.png,f
images_nf_328.png,nf
images_nf_1829.png,nf
images_nf_1039.png,nf
images_nf_865.png,nf
images_f_3928.png,f
images_f_3443.png,f
images_f_2682.png,f
images_f_2251.png,f
images_f_3996.png,f
images_nf_1768.png,nf
images_nf_1551.png,nf
images_f_2581.png,f
images_f_3307.png,f
images_f_3925.png,f
images_nf_1032.png,nf
images_f_4373.png,f
images_nf_801.png,nf
images_f_3640.png,f
images_nf_1489.png,nf
images_nf_1561.png,nf
images_nf_1955.png,nf
images_f_4171.png,f
images_nf_695.png,nf
images_f_3741.png,f
images_nf_811.png,nf
images_nf_1512.png,nf
images_f_2773.png,f
images_nf_1698.png,nf
images_f_3171.png,f
images_nf_922.png,nf
images_nf_485.png,nf
images_f_4005.png,f
images_f_4350.png,f
images_nf_1128.png,nf
images_f_2988.png,f
images_f_3048.png,f
images_f_3000.png,f
images_f_2998.png,f
images_nf_1109.png,nf
images_f_2417.png,f
images_f_3949.png,f
images_f_4386.png,f
images_f_2869.png,f
images_nf_1711.png,nf
images_f_2525.png,f
images_f_3563.png,f
images_f_2789.png,f
images_nf_1045.png,nf
images_nf_380.png,nf
images_nf_1545.png,nf
images_nf_1872.png,nf
images_f_2632.png,f
images_f_3757.png,f
images_nf_620.png,nf
images_nf_820.png,nf
images_f_3893.png,f
images_nf_903.png,nf
images_f_3717.png,f
images_f_3097.png,f
images_f_3956.png,f
images_f_2784.png,f
images_f_4416.png,f
images_nf_1700.png,nf
images_f_2673.png,f
images_nf_1420.png,nf
images_f_4395.png,f
images_nf_1716.png,nf
images_nf_2041.png,nf
images_f_2804.png,f
images_nf_814.png,nf
images_nf_1825.png,nf
images_nf_1942.png,nf
images_nf_799.png,nf
images_nf_1913.png,nf
images_nf_1814.png,nf
images_f_4018.png,f
images_nf_665.png,nf
images_nf_1304.png,nf
images_f_3007.png,f
images_f_4320.png,f
images_f_3282.png,f
images_f_3212.png,f
images_nf_1497.png,nf
images_f_3600.png,f
images_f_2556.png,f
images_nf_252.png,nf
images_nf_541.png,nf
images_f_4248.png,f
images_nf_1069.png,nf
images_f_3254.png,f
images_nf_2126.png,nf
images_nf_1340.png,nf
images_nf_1755.png,nf
images_f_2827.png,f
images_nf_3.png,nf
images_nf_1249.png,nf
images_nf_28.png,nf
images_f_3791.png,f
images_nf_1573.png,nf
images_f_3709.png,f
images_nf_1891.png,nf
images_f_2372.png,f
images_nf_547.png,nf
images_f_2219.png,f
images_nf_357.png,nf
images_f_2915.png,f
images_f_2799.png,f
images_f_3515.png,f
images_f_2336.png,f
images_nf_1606.png,nf
images_nf_223.png,nf
images_nf_2146.png,nf
images_nf_1987.png,nf
images_nf_1373.png,nf
images_f_3958.png,f
images_nf_1328.png,nf
images_nf_1965.png,nf
images_nf_179.png,nf
images_nf_1327.png,nf
images_nf_192.png,nf
images_f_4159.png,f
images_f_4392.png,f
images_f_3090.png,f
images_f_3310.png,f
images_nf_2163.png,nf
images_f_3615.png,f
images_f_2349.png,f
images_f_2626.png,f
images_nf_280.png,nf
images_f_4029.png,f
images_f_2866.png,f
images_nf_522.png,nf
images_nf_185.png,nf
images_nf_700.png,nf
images_f_2754.png,f
images_nf_1866.png,nf
images_f_3464.png,f
images_nf_661.png,nf
images_nf_392.png,nf
images_f_3686.png,f
images_nf_775.png,nf
images_nf_196.png,nf
images_nf_1399.png,nf
images_nf_1525.png,nf
images_f_2366.png,f
images_nf_358.png,nf
images_nf_1792.png,nf
images_nf_1591.png,nf
images_nf_1780.png,nf
images_f_3975.png,f
images_f_4214.png,f
images_f_4233.png,f
images_f_4277.png,f
images_f_4157.png,f
images_nf_1123.png,nf
images_nf_2107.png,nf
images_f_2790.png,f
images_f_3980.png,f
images_f_4241.png,f
images_nf_300.png,nf
images_nf_483.png,nf
images_f_3823.png,f
images_f_2843.png,f
images_f_4072.png,f
images_nf_77.png,nf
images_nf_1466.png,nf
images_nf_1002.png,nf
images_nf_2040.png,nf
images_f_3375.png,f
images_f_4232.png,f
images_nf_1281.png,nf
images_f_2521.png,f
images_f_3188.png,f
images_f_3201.png,f
images_nf_1946.png,nf
images_nf_2083.png,nf
images_f_2724.png,f
images_nf_1019.png,nf
images_nf_2170.png,nf
images_f_3610.png,f
images_f_2662.png,f
images_nf_1993.png,nf
images_f_3182.png,f
images_f_3623.png,f
images_nf_1188.png,nf
images_f_4242.png,f
images_f_2368.png,f
images_f_3056.png,f
images_f_3643.png,f
images_nf_816.png,nf
images_nf_95.png,nf
images_f_4050.png,f
images_f_3346.png,f
images_nf_1822.png,nf
images_nf_1381.png,nf
images_f_3025.png,f
images_nf_1423.png,nf
images_f_3835.png,f
images_f_2337.png,f
images_f_4064.png,f
images_f_2300.png,f
images_nf_711.png,nf
images_f_2881.png,f
images_f_4108.png,f
images_f_3684.png,f
images_nf_637.png,nf
images_nf_1255.png,nf
images_nf_963.png,nf
images_nf_233.png,nf
images_nf_569.png,nf
images_nf_2180.png,nf
images_nf_593.png,nf
images_f_3632.png,f
images_nf_1983.png,nf
images_f_3146.png,f
images_nf_399.png,nf
images_nf_456.png,nf
images_f_3354.png,f
images_nf_491.png,nf
images_f_3051.png,f
images_f_4089.png,f
images_f_3042.png,f
images_nf_121.png,nf
images_f_3175.png,f
images_f_2937.png,f
images_nf_1424.png,nf
images_nf_577.png,nf
images_nf_1058.png,nf
images_f_3431.png,f
images_nf_1215.png,nf
images_f_3981.png,f
images_nf_96.png,nf
images_nf_235.png,nf
images_f_3759.png,f
images_nf_39.png,nf
images_nf_2111.png,nf
images_nf_2088.png,nf
images_f_3930.png,f
images_nf_157.png,nf
images_f_2684.png,f
images_nf_222.png,nf
images_f_3692.png,f
images_nf_1223.png,nf
images_f_3488.png,f
images_f_2846.png,f
images_nf_186.png,nf
images_f_2666.png,f
images_nf_30.png,nf
images_nf_215.png,nf
images_f_3974.png,f
images_f_3530.png,f
images_f_3145.png,f
images_nf_766.png,nf
images_f_4178.png,f
images_nf_492.png,nf
images_nf_1150.png,nf
images_nf_2008.png,nf
images_f_4025.png,f
images_f_2371.png,f
images_f_3916.png,f
images_f_4301.png,f
images_nf_676.png,nf
images_nf_1957.png,nf
images_nf_1849.png,nf
images_nf_217.png,nf
images_f_3473.png,f
images_f_3963.png,f
images_f_3454.png,f
images_f_4360.png,f
images_nf_75.png,nf
images_f_3002.png,f
images_nf_1408.png,nf
images_f_2845.png,f
images_f_3389.png,f
images_nf_853.png,nf
images_f_3820.png,f
images_f_4387.png,f
images_nf_1333.png,nf
images_f_2282.png,f
images_nf_2019.png,nf
images_nf_1451.png,nf
images_f_2507.png,f
images_f_2487.png,f
images_f_3323.png,f
images_f_2273.png,f
images_nf_2.png,nf
images_f_2747.png,f
images_nf_1727.png,nf
images_nf_1674.png,nf
images_f_4034.png,f
images_nf_1429.png,nf
images_nf_1918.png,nf
images_f_3774.png,f
images_f_2364.png,f
images_nf_1481.png,nf
images_nf_2188.png,nf
images_nf_1585.png,nf
images_f_3809.png,f
images_nf_1437.png,nf
images_f_2590.png,f
images_nf_717.png,nf
images_f_2281.png,f
images_f_2960.png,f
images_f_2365.png,f
images_nf_1418.png,nf
images_f_2373.png,f
images_nf_1175.png,nf
images_f_2261.png,f
images_f_2344.png,f
images_nf_2072.png,nf
images_f_4176.png,f
images_f_4273.png,f
images_nf_375.png,nf
images_nf_10.png,nf
images_nf_2136.png,nf
images_nf_38.png,nf
images_f_2610.png,f
images_f_2704.png,f
images_nf_1595.png,nf
images_nf_869.png,nf
images_f_3656.png,f
images_nf_1769.png,nf
images_f_4254.png,f
images_nf_165.png,nf
images_f_3938.png,f
images_nf_17.png,nf
images_nf_1235.png,nf
images_f_2989.png,f
images_nf_659.png,nf
images_f_3418.png,f
images_nf_1110.png,nf
images_nf_789.png,nf
images_nf_905.png,nf
images_f_2971.png,f
images_f_2835.png,f
images_nf_1826.png,nf
images_f_4096.png,f
images_nf_1462.png,nf
images_nf_297.png,nf
images_nf_2086.png,nf
images_f_2332.png,f
images_f_3239.png,f
images_f_3880.png,f
images_f_3962.png,f
images_nf_1017.png,nf
images_f_3822.png,f
images_nf_1488.png,nf
images_f_3078.png,f
images_nf_703.png,nf
images_f_4190.png,f
images_f_4016.png,f
images_f_3102.png,f
images_nf_899.png,nf
images_f_4147.png,f
images_nf_1756.png,nf
images_nf_262.png,nf
images_f_2363.png,f
images_nf_634.png,nf
images_f_3325.png,f
images_f_2438.png,f
images_nf_750.png,nf
images_nf_27.png,nf
images_nf_2062.png,nf
images_f_2685.png,f
images_nf_1475.png,nf
images_nf_175.png,nf
images_f_4238.png,f
images_nf_1587.png,nf
images_nf_727.png,nf
images_nf_1416.png,nf
images_f_3927.png,f
images_nf_690.png,nf
images_f_2496.png,f
images_f_2579.png,f
images_nf_1208.png,nf
images_f_2858.png,f
images_nf_242.png,nf
images_f_4019.png,f
images_f_2294.png,f
images_f_3574.png,f
images_f_4247.png,f
images_nf_1579.png,nf
images_nf_343.png,nf
images_nf_705.png,nf
images_f_3425.png,f
images_nf_25.png,nf
images_nf_1775.png,nf
images_f_3967.png,f
images_f_3753.png,f
images_nf_1592.png,nf
images_f_4402.png,f
images_f_3873.png,f
images_f_4162.png,f
images_nf_2048.png,nf
images_f_3849.png,f
images_f_3316.png,f
images_f_3394.png,f
images_nf_94.png,nf
images_nf_1873.png,nf
images_f_3324.png,f
images_nf_110.png,nf
images_f_3964.png,f
images_f_2902.png,f
images_nf_145.png,nf
images_nf_381.png,nf
images_f_3853.png,f
images_f_4223.png,f
images_f_2465.png,f
images_nf_1903.png,nf
images_nf_423.png,nf
images_nf_1691.png,nf
images_f_3670.png,f
images_nf_6.png,nf
images_nf_1924.png,nf
images_f_3020.png,f
images_nf_1529.png,nf
images_nf_1442.png,nf
images_nf_871.png,nf
images_nf_1850.png,nf
images_f_3584.png,f
images_f_3277.png,f
images_f_4022.png,f
images_nf_668.png,nf
images_nf_1297.png,nf
images_nf_487.png,nf
images_nf_1530.png,nf
images_nf_287.png,nf
images_f_3224.png,f
images_f_3371.png,f
images_nf_1778.png,nf
images_nf_1053.png,nf
images_nf_1056.png,nf
images_nf_398.png,nf
images_f_3039.png,f
images_f_3403.png,f
images_f_2949.png,f
images_nf_724.png,nf
images_nf_1314.png,nf
images_nf_411.png,nf
images_f_3314.png,f
images_f_2585.png,f
images_nf_722.png,nf
images_f_2555.png,f
images_nf_1010.png,nf
images_nf_193.png,nf
images_f_2907.png,f
images_nf_1793.png,nf
images_nf_162.png,nf
images_nf_810.png,nf
images_nf_1231.png,nf
images_f_3065.png,f
images_f_4305.png,f
images_f_3519.png,f
images_f_4007.png,f
images_f_3736.png,f
images_f_4368.png,f
images_f_3196.png,f
images_nf_229.png,nf
images_nf_1665.png,nf
images_f_3034.png,f
images_nf_1137.png,nf
images_nf_243.png,nf
images_f_4388.png,f
images_f_2297.png,f
images_nf_1564.png,nf
images_nf_932.png,nf
images_nf_387.png,nf
images_nf_1771.png,nf
images_f_3932.png,f
images_f_3707.png,f
images_nf_540.png,nf
images_f_3461.png,f
images_f_3888.png,f
images_nf_1134.png,nf
images_nf_1323.png,nf
images_f_3131.png,f
images_nf_2133.png,nf
images_nf_914.png,nf
images_nf_591.png,nf
images_nf_679.png,nf
images_nf_1659.png,nf
images_nf_99.png,nf
images_nf_437.png,nf
images_f_3792.png,f
images_nf_1580.png,nf
images_f_3449.png,f
images_f_2818.png,f
images_nf_2196.png,nf
images_f_3612.png,f
images_f_4389.png,f
images_f_4013.png,f
images_nf_352.png,nf
images_nf_403.png,nf
images_f_4008.png,f
images_nf_24.png,nf
images_f_3343.png,f
images_f_3118.png,f
images_f_3117.png,f
images_nf_902.png,nf
images_f_3668.png,f
images_nf_1772.png,nf
images_nf_603.png,nf
images_f_4127.png,f
images_f_3843.png,f
images_nf_415.png,nf
images_nf_588.png,nf
images_nf_1511.png,nf
images_nf_1843.png,nf
images_nf_376.png,nf
images_nf_1079.png,nf
images_nf_527.png,nf
images_nf_1406.png,nf
images_f_3983.png,f
images_nf_1276.png,nf
images_nf_2181.png,nf
images_nf_284.png,nf
images_nf_1310.png,nf
images_nf_1072.png,nf
images_f_2431.png,f
images_nf_716.png,nf
images_f_4184.png,f
images_f_2911.png,f
images_f_3100.png,f
images_nf_926.png,nf
images_f_2892.png,f
images_nf_1450.png,nf
images_f_4128.png,f
images_f_2270.png,f
images_nf_1980.png,nf
images_nf_338.png,nf
images_f_2707.png,f
images_f_4380.png,f
images_f_3321.png,f
images_f_3284.png,f
images_f_3827.png,f
images_nf_1467.png,nf
images_nf_1548.png,nf
images_nf_354.png,nf
images_f_3270.png,f
images_f_3665.png,f
images_nf_996.png,nf
images_nf_1992.png,nf
images_nf_1935.png,nf
images_f_3230.png,f
images_f_3739.png,f
images_nf_1292.png,nf
images_nf_1238.png,nf
images_f_4144.png,f
images_f_2229.png,f
images_nf_1405.png,nf
images_f_4415.png,f
images_nf_44.png,nf
images_nf_1979.png,nf
images_f_3251.png,f
images_nf_1975.png,nf
images_f_3546.png,f
images_f_2442.png,f
images_nf_1081.png,nf
images_nf_2013.png,nf
images_f_3255.png,f
images_f_3402.png,f
images_f_2749.png,f
images_nf_1838.png,nf
images_f_3342.png,f
images_nf_1641.png,nf
images_f_3652.png,f
images_f_3706.png,f
images_nf_1254.png,nf
images_nf_69.png,nf
images_f_2872.png,f
images_nf_2039.png,nf
images_f_2226.png,f
images_f_3368.png,f
images_f_3598.png,f
images_nf_587.png,nf
images_f_2247.png,f
images_nf_1247.png,nf
images_f_2238.png,f
images_nf_1338.png,nf
images_f_3391.png,f
images_f_2968.png,f
images_nf_1453.png,nf
images_nf_1956.png,nf
images_nf_494.png,nf
images_f_3031.png,f
images_nf_2148.png,nf
images_nf_2187.png,nf
images_f_2575.png,f
images_nf_1986.png,nf
images_f_3082.png,f
images_f_4314.png,f
images_nf_1183.png,nf
images_f_2878.png,f
images_f_3333.png,f
images_nf_364.png,nf
images_f_2488.png,f
images_f_2720.png,f
images_f_2729.png,f
images_f_4161.png,f
images_f_4239.png,f
images_nf_1990.png,nf
images_nf_1027.png,nf
images_f_2405.png,f
images_nf_20.png,nf
images_nf_779.png,nf
images_nf_1436.png,nf
images_f_2716.png,f
images_nf_134.png,nf
images_f_3500.png,f
images_f_3755.png,f
images_f_4322.png,f
images_f_3582.png,f
images_f_3719.png,f
images_nf_513.png,nf
images_nf_432.png,nf
images_nf_311.png,nf
images_f_2767.png,f
images_nf_1777.png,nf
images_f_2346.png,f
images_nf_1339.png,nf
images_nf_281.png,nf
images_nf_763.png,nf
images_f_4271.png,f
images_nf_1313.png,nf
images_nf_2201.png,nf
images_nf_1383.png,nf
images_nf_149.png,nf
images_f_2613.png,f
images_f_4061.png,f
images_nf_691.png,nf
images_f_2884.png,f
images_f_2620.png,f
images_nf_1731.png,nf
images_f_3711.png,f
images_nf_1605.png,nf
images_nf_351.png,nf
images_nf_1899.png,nf
images_nf_340.png,nf
images_nf_1336.png,nf
images_f_3350.png,f
images_f_3299.png,f
images_nf_466.png,nf
images_nf_1570.png,nf
images_f_3593.png,f
images_nf_493.png,nf
images_f_2921.png,f
images_nf_151.png,nf
images_nf_168.png,nf
images_nf_1734.png,nf
images_nf_2120.png,nf
images_nf_1650.png,nf
images_f_2762.png,f
images_nf_917.png,nf
images_f_4399.png,f
images_nf_2205.png,nf
images_f_3393.png,f
images_nf_372.png,nf
images_nf_1925.png,nf
images_nf_509.png,nf
images_nf_807.png,nf
images_f_3537.png,f
images_f_3463.png,f
images_nf_455.png,nf
images_f_3072.png,f
images_f_2918.png,f
images_f_3690.png,f
images_nf_2159.png,nf
images_f_3999.png,f
images_f_3071.png,f
images_nf_1985.png,nf
images_f_4413.png,f
images_nf_1658.png,nf
images_nf_1214.png,nf
images_nf_1007.png,nf
images_f_3842.png,f
images_nf_582.png,nf
images_nf_815.png,nf
images_f_3222.png,f
images_f_3430.png,f
images_nf_631.png,nf
images_nf_2068.png,nf
images_nf_1851.png,nf
images_nf_2123.png,nf
images_nf_227.png,nf
images_nf_1600.png,nf
images_f_3148.png,f
images_nf_1789.png,nf
images_nf_892.png,nf
images_nf_201.png,nf
images_f_2758.png,f
images_f_2455.png,f
images_f_4397.png,f
images_nf_1047.png,nf
images_f_2508.png,f
images_f_3027.png,f
images_f_3802.png,f
images_f_3968.png,f
images_f_2885.png,f
images_nf_425.png,nf
images_f_2412.png,f
images_nf_52.png,nf
images_nf_2203.png,nf
images_f_3559.png,f
images_f_4345.png,f
images_nf_2031.png,nf
images_f_3948.png,f
images_f_2293.png,f
images_f_3806.png,f
images_f_4342.png,f
images_f_2248.png,f
images_f_3630.png,f
images_f_3505.png,f
images_f_4228.png,f
images_nf_674.png,nf
images_nf_1169.png,nf
images_f_2627.png,f
images_f_3127.png,f
images_nf_2004.png,nf
images_nf_1227.png,nf
images_nf_2038.png,nf
images_nf_476.png,nf
images_f_3129.png,f
images_nf_1847.png,nf
images_nf_1817.png,nf
images_f_4339.png,f
images_nf_528.png,nf
images_nf_1242.png,nf
images_nf_1267.png,nf
images_f_2246.png,f
images_nf_546.png,nf
images_f_2532.png,f
images_nf_113.png,nf
images_nf_1743.png,nf
images_f_3551.png,f
images_nf_581.png,nf
images_nf_1355.png,nf
images_f_2931.png,f
images_nf_1285.png,nf
images_f_2617.png,f
images_nf_1332.png,nf
images_nf_1011.png,nf
images_f_2622.png,f
images_nf_1396.png,nf
images_nf_1722.png,nf
images_f_3161.png,f
images_f_4312.png,f
images_f_3026.png,f
images_nf_1644.png,nf
images_nf_159.png,nf
images_f_4129.png,f
images_f_2992.png,f
images_f_3114.png,f
images_f_4347.png,f
images_nf_1261.png,nf
images_f_3189.png,f
images_f_3453.png,f
images_f_3016.png,f
images_nf_900.png,nf
images_nf_949.png,nf
images_f_2738.png,f
images_f_3541.png,f
images_nf_806.png,nf
images_f_2757.png,f
images_nf_58.png,nf
images_f_3841.png,f
images_f_2695.png,f
images_nf_1057.png,nf
images_f_4086.png,f
images_nf_1473.png,nf
images_f_4307.png,f
images_nf_1270.png,nf
images_nf_633.png,nf
images_f_3152.png,f
images_f_3681.png,f
images_f_2476.png,f
images_f_3162.png,f
images_f_3311.png,f
images_nf_1357.png,nf
images_nf_1878.png,nf
images_nf_195.png,nf
images_nf_2023.png,nf
images_f_3492.png,f
images_f_3633.png,f
images_nf_878.png,nf
images_f_3985.png,f
images_f_2604.png,f
images_nf_1253.png,nf
images_f_2355.png,f
images_nf_106.png,nf
images_f_3599.png,f
images_f_2254.png,f
images_nf_2020.png,nf
images_f_3626.png,f
images_nf_930.png,nf
images_nf_31.png,nf
images_nf_2131.png,nf
images_f_2658.png,f
images_f_2668.png,f
images_f_2796.png,f
images_nf_563.png,nf
images_nf_1953.png,nf
images_nf_1725.png,nf
images_f_2770.png,f
images_nf_945.png,nf
images_nf_35.png,nf
images_nf_79.png,nf
images_f_3419.png,f
images_nf_127.png,nf
images_f_3245.png,f
images_nf_226.png,nf
images_nf_292.png,nf
images_f_2462.png,f
images_nf_2087.png,nf
images_f_2285.png,f
images_f_2840.png,f
images_nf_985.png,nf
images_nf_1152.png,nf
images_nf_489.png,nf
images_f_4283.png,f
images_f_2411.png,f
images_f_2427.png,f
images_f_2933.png,f
images_f_2930.png,f
images_f_4208.png,f
images_f_2880.png,f
images_f_3993.png,f
images_nf_108.png,nf
images_f_2471.png,f
images_nf_1349.png,nf
images_f_2603.png,f
images_nf_851.png,nf
images_f_2284.png,f
images_nf_1262.png,nf
images_nf_872.png,nf
images_nf_610.png,nf
images_f_4002.png,f
images_f_2554.png,f
images_f_2576.png,f
images_nf_2006.png,nf
images_nf_1447.png,nf
images_nf_251.png,nf
images_f_2400.png,f
images_f_2951.png,f
images_f_4299.png,f
images_f_3369.png,f
images_f_2768.png,f
images_nf_1701.png,nf
images_nf_1290.png,nf
images_f_3752.png,f
images_f_4252.png,f
images_f_2461.png,f
images_f_3349.png,f
images_nf_1539.png,nf
images_f_3211.png,f
images_nf_62.png,nf
images_f_2828.png,f
images_nf_1536.png,nf
images_nf_1718.png,nf
images_nf_1458.png,nf
images_f_2468.png,f
images_nf_929.png,nf
images_nf_1963.png,nf
images_f_2697.png,f
images_f_3876.png,f
images_f_3619.png,f
images_nf_1360.png,nf
images_nf_1224.png,nf
images_nf_650.png,nf
images_nf_1170.png,nf
images_f_2813.png,f
images_f_4076.png,f
images_nf_952.png,nf
images_f_3504.png,f
images_f_3153.png,f
images_nf_578.png,nf
images_f_3698.png,f
images_f_4406.png,f
images_f_3197.png,f
images_nf_2018.png,nf
images_f_2686.png,f
images_nf_1434.png,nf
images_f_3109.png,f
images_f_3111.png,f
images_nf_2067.png,nf
images_f_2711.png,f
images_nf_845.png,nf
images_f_2534.png,f
images_f_3157.png,f
images_f_2516.png,f
images_f_4193.png,f
images_f_3856.png,f
images_nf_520.png,nf
images_nf_2042.png,nf
images_nf_1287.png,nf
images_nf_1272.png,nf
images_f_3130.png,f
images_nf_1386.png,nf
images_nf_45.png,nf
images_f_3977.png,f
images_f_3945.png,f
images_f_3173.png,f
images_nf_2149.png,nf
images_nf_594.png,nf
images_f_4215.png,f
images_nf_2186.png,nf
images_f_3326.png,f
images_nf_90.png,nf
images_nf_984.png,nf
images_nf_1818.png,nf
images_f_2974.png,f
images_nf_771.png,nf
images_f_2232.png,f
images_f_3970.png,f
images_f_4333.png,f
images_f_2580.png,f
images_nf_715.png,nf
images_nf_1703.png,nf
images_f_4230.png,f
images_nf_802.png,nf
images_nf_1059.png,nf
images_nf_1370.png,nf
images_nf_54.png,nf
images_nf_2035.png,nf
images_f_2875.png,f
images_nf_568.png,nf
images_f_4297.png,f
images_f_2648.png,f
images_f_2836.png,f
images_nf_1966.png,nf
images_f_2389.png,f
images_nf_1931.png,nf
images_nf_2063.png,nf
images_nf_144.png,nf
images_nf_1139.png,nf
images_nf_2118.png,nf
images_f_3474.png,f
images_f_2735.png,f
images_f_2831.png,f
images_f_2651.png,f
images_f_2249.png,f
images_nf_1798.png,nf
images_f_3191.png,f
images_nf_654.png,nf
images_f_3456.png,f
images_f_3837.png,f
images_nf_736.png,nf
images_f_2552.png,f
images_f_2473.png,f
images_f_2953.png,f
images_nf_732.png,nf
images_f_2329.png,f
images_nf_1179.png,nf
images_f_3303.png,f
images_f_3011.png,f
images_f_2709.png,f
images_f_2551.png,f
images_f_2742.png,f
images_f_4119.png,f
images_f_3337.png,f
images_f_4173.png,f
images_f_3954.png,f
images_f_3669.png,f
images_nf_2094.png,nf
images_nf_291.png,nf
images_nf_2139.png,nf
images_f_3225.png,f
images_nf_1614.png,nf
images_nf_1635.png,nf
images_nf_1320.png,nf
images_f_3159.png,f
images_nf_1472.png,nf
images_f_2883.png,f
images_f_2788.png,f
images_f_2504.png,f
images_nf_1515.png,nf
images_f_4268.png,f
images_nf_1971.png,nf
images_nf_206.png,nf
images_f_3934.png,f
images_f_2380.png,f
images_f_2527.png,f
images_f_2253.png,f
images_nf_1690.png,nf
images_f_3046.png,f
images_nf_854.png,nf
images_nf_1787.png,nf
images_f_2612.png,f
images_f_2482.png,f
images_f_2406.png,f
images_f_4209.png,f
images_nf_887.png,nf
images_nf_1936.png,nf
images_f_4192.png,f
images_nf_1100.png,nf
images_nf_1412.png,nf
images_nf_277.png,nf
images_f_3373.png,f
images_f_4118.png,f
images_nf_828.png,nf
images_f_3479.png,f
images_nf_23.png,nf
images_f_2212.png,f
images_nf_1671.png,nf
images_f_3510.png,f
images_nf_1633.png,nf
images_f_4293.png,f
images_nf_410.png,nf
images_f_2753.png,f
images_nf_803.png,nf
images_f_3972.png,f
images_f_2426.png,f
images_f_2319.png,f
images_f_2211.png,f
images_nf_856.png,nf
images_f_4245.png,f
images_f_4207.png,f
images_f_3846.png,f
images_nf_316.png,nf
images_nf_1571.png,nf
images_f_3529.png,f
images_nf_1586.png,nf
images_nf_1055.png,nf
images_f_4401.png,f
images_nf_2081.png,nf
images_f_4124.png,f
images_nf_176.png,nf
images_f_3384.png,f
images_nf_656.png,nf
images_nf_1504.png,nf
images_nf_1298.png,nf
images_f_3177.png,f
images_nf_746.png,nf
images_f_2549.png,f
images_nf_1379.png,nf
images_nf_570.png,nf
images_f_4112.png,f
images_nf_1403.png,nf
images_nf_1401.png,nf
images_f_2717.png,f
images_f_2295.png,f
images_f_3891.png,f
images_nf_1877.png,nf
images_f_2958.png,f
images_f_4262.png,f
images_nf_981.png,nf
images_nf_1371.png,nf
images_f_2280.png,f
images_f_2420.png,f
images_nf_1171.png,nf
images_nf_1346.png,nf
images_f_2650.png,f
images_nf_1122.png,nf
images_f_3629.png,f
images_f_3829.png,f
images_nf_747.png,nf
images_nf_2077.png,nf
images_f_3269.png,f
images_f_2624.png,f
images_f_2255.png,f
images_nf_388.png,nf
images_f_3535.png,f
images_f_2841.png,f
images_f_4253.png,f
images_f_3857.png,f
images_f_2905.png,f
images_nf_2141.png,nf
images_nf_623.png,nf
images_f_3297.png,f
images_nf_534.png,nf
images_nf_1642.png,nf
images_nf_2143.png,nf
images_nf_282.png,nf
images_nf_1020.png,nf
images_f_2542.png,f
images_nf_345.png,nf
images_f_3732.png,f
images_f_3695.png,f
images_nf_1078.png,nf
images_f_4251.png,f
images_nf_598.png,nf
images_nf_301.png,nf
images_nf_1269.png,nf
images_nf_600.png,nf
images_f_4021.png,f
images_f_2595.png,f
images_f_2519.png,f
images_nf_572.png,nf
images_nf_2055.png,nf
images_nf_100.png,nf
images_f_4135.png,f
images_nf_921.png,nf
images_nf_378.png,nf
images_nf_1342.png,nf
images_nf_1284.png,nf
images_f_4065.png,f
images_f_3851.png,f
images_f_4039.png,f
images_f_3382.png,f
images_nf_1855.png,nf
images_f_2436.png,f
images_nf_1944.png,nf
images_f_4378.png,f
images_nf_545.png,nf
images_f_4009.png,f
images_f_3816.png,f
images_f_3817.png,f
images_f_2966.png,f
images_nf_894.png,nf
images_f_3942.png,f
images_nf_83.png,nf
images_f_3411.png,f
images_f_3638.png,f
images_nf_1149.png,nf
images_nf_174.png,nf
images_f_4055.png,f
images_f_3528.png,f
images_f_2321.png,f
images_nf_728.png,nf
images_nf_1364.png,nf
images_f_3296.png,f
images_nf_299.png,nf
images_f_3794.png,f
images_f_2628.png,f
images_nf_1036.png,nf
images_f_2500.png,f
images_f_3747.png,f
images_nf_1833.png,nf
images_f_2948.png,f
images_f_2722.png,f
images_nf_585.png,nf
images_f_3691.png,f
images_f_4391.png,f
images_f_2760.png,f
images_f_4032.png,f
images_f_2621.png,f
images_f_3635.png,f
images_nf_936.png,nf
images_nf_2065.png,nf
images_f_2991.png,f
images_nf_450.png,nf
images_f_2237.png,f
images_nf_904.png,nf
images_f_3828.png,f
images_nf_1302.png,nf
images_nf_1031.png,nf
images_nf_1140.png,nf
images_f_4213.png,f
images_f_3693.png,f
images_f_4353.png,f
images_nf_1216.png,nf
images_f_3385.png,f
images_nf_53.png,nf
images_nf_1187.png,nf
images_nf_858.png,nf
images_nf_1068.png,nf
images_nf_268.png,nf
images_nf_1670.png,nf
images_f_3352.png,f
images_nf_511.png,nf
images_f_3783.png,f
images_f_3965.png,f
images_nf_2155.png,nf
images_f_3406.png,f
images_nf_933.png,nf
images_nf_2011.png,nf
images_nf_1501.png,nf
images_nf_1582.png,nf
images_f_2734.png,f
images_f_2333.png,f
images_f_3516.png,f
images_f_2630.png,f
images_f_2564.png,f
images_nf_1394.png,nf
images_nf_2047.png,nf
images_nf_1259.png,nf
images_f_4131.png,f
images_f_2969.png,f
images_nf_1054.png,nf
images_f_3271.png,f
images_f_3734.png,f
images_nf_239.png,nf
images_f_4255.png,f
images_f_2263.png,f
images_f_3341.png,f
images_nf_1717.png,nf
images_nf_48.png,nf
images_nf_1763.png,nf
images_f_2435.png,f
images_nf_2158.png,nf
images_nf_65.png,nf
images_f_3903.png,f
images_f_3274.png,f
images_nf_1643.png,nf
images_f_2970.png,f
images_f_3138.png,f
images_nf_298.png,nf
images_nf_1567.png,nf
images_nf_764.png,nf
images_nf_1884.png,nf
images_f_3680.png,f
images_nf_1321.png,nf
images_nf_86.png,nf
images_nf_1741.png,nf
images_f_4027.png,f
images_f_4217.png,f
images_nf_1495.png,nf
images_f_3194.png,f
images_f_4123.png,f
images_f_2723.png,f
images_f_3268.png,f
images_f_3407.png,f
images_f_2606.png,f
images_f_4126.png,f
images_f_2589.png,f
images_f_3322.png,f
images_f_3470.png,f
images_nf_369.png,nf
images_nf_140.png,nf
images_f_2927.png,f
images_nf_1748.png,nf
images_f_3396.png,f
images_f_3221.png,f
images_f_3726.png,f
images_nf_795.png,nf
images_nf_2156.png,nf
images_nf_2061.png,nf
images_f_2391.png,f
images_f_2437.png,f
images_f_4031.png,f
images_f_2283.png,f
images_nf_2060.png,nf
images_f_3955.png,f
images_f_3662.png,f
images_nf_199.png,nf
images_nf_1821.png,nf
images_nf_1162.png,nf
images_f_4087.png,f
images_f_2221.png,f
images_nf_697.png,nf
images_f_3815.png,f
images_nf_646.png,nf
images_nf_1295.png,nf
images_f_4258.png,f
images_f_2267.png,f
images_f_3716.png,f
images_f_2429.png,f
images_nf_7.png,nf
images_nf_1666.png,nf
images_f_3586.png,f
images_nf_994.png,nf
images_f_2498.png,f
images_nf_966.png,nf
images_nf_956.png,nf
images_nf_607.png,nf
images_f_3564.png,f
images_nf_1135.png,nf
images_f_2277.png,f
images_nf_1558.png,nf
images_nf_379.png,nf
images_f_4153.png,f
images_nf_504.png,nf
images_nf_2105.png,nf
images_f_4225.png,f
images_nf_642.png,nf
images_nf_1938.png,nf
images_f_2904.png,f
images_nf_740.png,nf
images_nf_891.png,nf
images_f_3536.png,f
images_nf_1354.png,nf
images_nf_1747.png,nf
images_f_3960.png,f
images_nf_459.png,nf
images_nf_681.png,nf
images_nf_1943.png,nf
images_f_2772.png,f
images_nf_2169.png,nf
images_f_3261.png,f
images_nf_2084.png,nf
images_nf_1217.png,nf
images_nf_484.png,nf
images_f_3265.png,f
images_f_3924.png,f
images_nf_2003.png,nf
images_f_3228.png,f
images_f_3765.png,f
images_nf_1773.png,nf
images_f_2505.png,f
images_f_2599.png,f
images_nf_2147.png,nf
images_f_4094.png,f
images_f_4101.png,f
images_nf_2017.png,nf
images_f_3199.png,f
images_f_2655.png,f
images_nf_1146.png,nf
images_f_3862.png,f
images_nf_1589.png,nf
images_nf_1500.png,nf
images_f_2877.png,f
images_f_4302.png,f
images_nf_2001.png,nf
images_nf_1609.png,nf
images_f_3830.png,f
images_nf_1315.png,nf
images_nf_1815.png,nf
images_f_3485.png,f
images_nf_615.png,nf
images_nf_1577.png,nf
images_f_4311.png,f
images_nf_1230.png,nf
images_nf_881.png,nf
images_f_3569.png,f
images_f_4067.png,f
images_nf_1578.png,nf
images_f_4203.png,f
images_nf_128.png,nf
images_nf_2191.png,nf
images_nf_98.png,nf
images_f_3444.png,f
images_nf_846.png,nf
images_nf_1689.png,nf
images_f_2480.png,f
images_nf_2097.png,nf
images_f_3493.png,f
images_nf_19.png,nf
images_nf_1620.png,nf
images_f_4332.png,f
images_nf_1726.png,nf
images_nf_467.png,nf
images_f_2444.png,f
images_nf_309.png,nf
images_f_3875.png,f
images_nf_822.png,nf
images_nf_552.png,nf
images_nf_1129.png,nf
images_nf_1749.png,nf
images_f_3397.png,f
images_f_2922.png,f
images_nf_1927.png,nf
images_f_4410.png,f
images_f_3410.png,f
images_nf_1446.png,nf
images_f_3386.png,f
images_nf_305.png,nf
images_nf_1033.png,nf
images_f_4121.png,f
images_f_2584.png,f
images_f_2803.png,f
images_nf_470.png,nf
images_nf_1550.png,nf
images_f_3508.png,f
images_nf_1402.png,nf
images_f_3395.png,f
images_f_2675.png,f
images_nf_978.png,nf
images_nf_1225.png,nf
images_nf_1330.png,nf
images_nf_295.png,nf
images_f_3351.png,f
images_nf_1433.png,nf
images_nf_924.png,nf
images_f_2997.png,f
images_nf_1702.png,nf
images_nf_200.png,nf
images_f_4148.png,f
images_f_3424.png,f
images_f_4358.png,f
images_nf_1776.png,nf
images_f_3854.png,f
images_f_2631.png,f
images_f_3920.png,f
images_f_2842.png,f
images_f_2925.png,f
images_f_3288.png,f
images_f_3762.png,f
images_f_3360.png,f
images_nf_1653.png,nf
images_f_3252.png,f
images_f_4236.png,f
images_f_4069.png,f
images_nf_1023.png,nf
images_f_3400.png,f
images_f_3785.png,f
images_nf_1132.png,nf
images_f_3347.png,f
images_f_3098.png,f
images_f_3291.png,f
images_f_2816.png,f
images_nf_433.png,nf
images_nf_720.png,nf
images_nf_114.png,nf
images_f_3585.png,f
images_nf_1102.png,nf
images_f_2310.png,f
images_nf_1218.png,nf
images_f_3631.png,f
images_f_2976.png,f
images_f_4260.png,f
images_nf_1949.png,nf
images_f_4359.png,f
images_f_3190.png,f
images_nf_274.png,nf
images_nf_1041.png,nf
images_f_3911.png,f
images_nf_843.png,nf
images_f_2485.png,f
images_nf_1013.png,nf
images_nf_346.png,nf
images_nf_1968.png,nf
images_f_2743.png,f
images_f_2838.png,f
images_nf_1694.png,nf
images_nf_946.png,nf
images_nf_1916.png,nf
images_f_2583.png,f
images_nf_1900.png,nf
images_nf_1492.png,nf
images_f_3206.png,f
images_f_2384.png,f
images_nf_1590.png,nf
images_f_2311.png,f
images_f_4122.png,f
images_nf_2085.png,nf
images_nf_1113.png,nf
images_f_3401.png,f
images_nf_867.png,nf
images_nf_342.png,nf
images_nf_366.png,nf
images_f_3561.png,f
images_nf_1486.png,nf
images_f_3879.png,f
images_nf_102.png,nf
images_f_3281.png,f
images_nf_111.png,nf
images_nf_648.png,nf
images_f_2553.png,f
images_f_3059.png,f
images_nf_1709.png,nf
images_nf_2157.png,nf
images_f_4070.png,f
images_f_4224.png,f
images_f_4377.png,f
images_nf_1908.png,nf
images_nf_1753.png,nf
images_f_2388.png,f
images_f_3184.png,f
images_f_2307.png,f
images_nf_1084.png,nf
images_f_3865.png,f
images_nf_2127.png,nf
images_f_2268.png,f
images_f_3080.png,f
images_nf_1098.png,nf
images_nf_404.png,nf
images_nf_1920.png,nf
images_f_3490.png,f
images_f_3790.png,f
images_nf_1421.png,nf
images_nf_739.png,nf
images_nf_2029.png,nf
images_f_3267.png,f
images_f_4270.png,f
images_nf_1959.png,nf
images_nf_66.png,nf
images_nf_1736.png,nf
images_nf_1503.png,nf
images_nf_632.png,nf
images_nf_592.png,nf
images_f_3556.png,f
images_f_2419.png,f
images_f_4361.png,f
images_f_3279.png,f
images_f_4317.png,f
images_f_3683.png,f
images_f_2947.png,f
images_nf_1080.png,nf
images_f_4003.png,f
images_nf_627.png,nf
images_nf_1612.png,nf
images_nf_1042.png,nf
images_f_4278.png,f
images_f_2252.png,f
images_nf_1306.png,nf
images_f_4375.png,f
images_nf_181.png,nf
images_nf_1889.png,nf
images_f_3906.png,f
images_nf_2178.png,nf
images_nf_1673.png,nf
images_f_2939.png,f
images_nf_1484.png,nf
images_f_3844.png,f
images_f_2548.png,f
images_nf_744.png,nf
images_nf_1095.png,nf
images_f_2868.png,f
images_f_4280.png,f
images_f_3163.png,f
images_f_3871.png,f
images_nf_323.png,nf
images_nf_1527.png,nf
images_f_2593.png,f
images_nf_1995.png,nf
images_f_2903.png,f
images_f_4244.png,f
images_f_3621.png,f
images_f_2601.png,f
images_nf_586.png,nf
images_nf_1596.png,nf
images_nf_118.png,nf
images_nf_1127.png,nf
images_f_2797.png,f
images_f_4043.png,f
images_nf_876.png,nf
images_nf_294.png,nf
images_nf_341.png,nf
images_f_2705.png,f
images_nf_564.png,nf
images_nf_271.png,nf
images_f_3128.png,f
images_nf_40.png,nf
images_nf_1729.png,nf
images_nf_783.png,nf
images_f_4079.png,f
images_nf_279.png,nf
images_nf_1392.png,nf
images_nf_2070.png,nf
images_f_2740.png,f
images_nf_875.png,nf
images_f_3094.png,f
images_nf_427.png,nf
images_nf_937.png,nf
images_nf_1051.png,nf
images_nf_1781.png,nf
images_f_4103.png,f
images_nf_864.png,nf
images_nf_719.png,nf
images_nf_1720.png,nf
images_f_2244.png,f
images_f_3931.png,f
images_f_2357.png,f
images_nf_1914.png,nf
images_nf_1546.png,nf
images_f_3713.png,f
images_nf_1160.png,nf
images_f_3989.png,f
images_nf_385.png,nf
images_f_2523.png,f
images_nf_1907.png,nf
images_nf_510.png,nf
images_nf_143.png,nf
images_f_3751.png,f
images_nf_1303.png,nf
images_f_2923.png,f
images_f_3952.png,f
images_nf_941.png,nf
images_f_4015.png,f
images_nf_1888.png,nf
images_nf_1754.png,nf
images_nf_78.png,nf
images_f_3319.png,f
images_nf_969.png,nf
images_nf_675.png,nf
images_f_3655.png,f
images_nf_1228.png,nf
images_nf_1997.png,nf
images_nf_400.png,nf
images_f_3895.png,f
images_f_3733.png,f
images_f_2957.png,f
images_nf_152.png,nf
images_f_3810.png,f
images_f_4107.png,f
images_nf_621.png,nf
images_f_2781.png,f
images_nf_1074.png,nf
images_f_4337.png,f
images_nf_756.png,nf
images_nf_912.png,nf
images_nf_1299.png,nf
images_nf_361.png,nf
images_f_3426.png,f
images_nf_906.png,nf
images_nf_1688.png,nf
images_f_4134.png,f
images_f_3074.png,f
images_f_3241.png,f
images_f_2262.png,f
images_f_2990.png,f
images_nf_1107.png,nf
images_f_3018.png,f
images_f_4168.png,f
images_f_2873.png,f
images_f_3014.png,f
images_nf_2002.png,nf
images_nf_231.png,nf
images_nf_465.png,nf
images_nf_138.png,nf
images_nf_273.png,nf
images_nf_246.png,nf
images_nf_1159.png,nf
images_f_2591.png,f
images_nf_1824.png,nf
images_nf_1660.png,nf
images_nf_954.png,nf
images_f_3542.png,f
images_f_2443.png,f
images_nf_81.png,nf
images_f_3229.png,f
images_f_3134.png,f
images_f_3262.png,f
images_nf_731.png,nf
images_nf_1816.png,nf
images_f_3285.png,f
images_nf_5.png,nf
images_nf_1232.png,nf
images_f_3036.png,f
images_nf_943.png,nf
images_f_2745.png,f
images_f_4267.png,f
images_f_3137.png,f
images_f_3990.png,f
images_f_3497.png,f
images_nf_249.png,nf
images_nf_628.png,nf
images_f_3204.png,f
images_nf_671.png,nf
images_nf_560.png,nf
images_nf_258.png,nf
images_f_2339.png,f
images_nf_1799.png,nf
images_f_4259.png,f
images_f_2982.png,f
images_f_2653.png,f
images_f_3482.png,f
images_nf_449.png,nf
images_f_3526.png,f
images_nf_1774.png,nf
images_f_3852.png,f
images_nf_797.png,nf
images_f_3658.png,f
images_f_3054.png,f
images_nf_2150.png,nf
images_f_3167.png,f
images_f_3580.png,f
images_f_2272.png,f
images_f_3579.png,f
images_nf_502.png,nf
images_f_4145.png,f
images_f_2304.png,f
images_f_4151.png,f
images_nf_2033.png,nf
images_f_3058.png,f
images_f_2810.png,f
images_nf_1514.png,nf
images_nf_1810.png,nf
images_f_2356.png,f
images_f_2457.png,f
images_f_3885.png,f
images_nf_2095.png,nf
images_f_2531.png,f
images_f_2546.png,f
images_f_3577.png,f
images_f_2396.png,f
images_f_3710.png,f
images_f_4056.png,f
images_nf_153.png,nf
images_nf_535.png,nf
images_f_3908.png,f
images_nf_752.png,nf
images_f_2359.png,f
images_f_3248.png,f
images_f_2690.png,f
images_nf_1198.png,nf
images_f_3868.png,f
images_f_3768.png,f
images_nf_1735.png,nf
images_f_2535.png,f
images_f_2917.png,f
images_f_2312.png,f
images_nf_1608.png,nf
images_nf_1398.png,nf
images_nf_2142.png,nf
images_f_3750.png,f
images_f_3627.png,f
images_nf_334.png,nf
images_nf_76.png,nf
images_nf_1185.png,nf
images_f_2963.png,f
images_f_2529.png,f
images_f_3242.png,f
images_nf_1407.png,nf
images_f_3253.png,f
images_nf_742.png,nf
images_f_3518.png,f
images_nf_2028.png,nf
images_f_3729.png,f
images_nf_2197.png,nf
images_f_2689.png,f
images_nf_893.png,nf
images_f_4102.png,f
images_f_3588.png,f
images_nf_2167.png,nf
images_f_2530.png,f
images_nf_1637.png,nf
images_f_2815.png,f
images_nf_1097.png,nf
images_nf_537.png,nf
images_nf_1834.png,nf
images_nf_1220.png,nf
images_f_4210.png,f
images_nf_965.png,nf
images_nf_986.png,nf
images_nf_1969.png,nf
images_nf_550.png,nf
images_nf_289.png,nf
images_nf_2090.png,nf
images_f_2661.png,f
images_nf_336.png,nf
images_nf_957.png,nf
images_nf_331.png,nf
images_nf_1544.png,nf
images_f_3587.png,f
images_f_4141.png,f
images_f_3863.png,f
images_nf_860.png,nf
images_nf_2117.png,nf
images_f_2320.png,f
images_nf_1939.png,nf
images_f_2434.png,f
images_f_4257.png,f
images_nf_1052.png,nf
images_f_3292.png,f
images_nf_979.png,nf
images_f_3552.png,f
images_f_2712.png,f
images_nf_971.png,nf
images_f_2390.png,f
images_nf_1508.png,nf
images_nf_670.png,nf
images_f_2489.png,f
images_nf_1897.png,nf
images_f_2557.png,f
images_nf_1156.png,nf
images_nf_8.png,nf
images_f_2645.png,f
images_f_2484.png,f
images_f_3434.png,f
images_f_3372.png,f
images_f_3520.png,f
images_f_4146.png,f
images_f_2962.png,f
images_f_3060.png,f
images_nf_443.png,nf
images_f_4289.png,f
images_f_3004.png,f
images_nf_374.png,nf
images_f_3106.png,f
images_nf_1077.png,nf
images_f_3427.png,f
images_nf_1312.png,nf
images_nf_888.png,nf
images_f_4081.png,f
images_f_2413.png,f
images_nf_2092.png,nf
images_nf_741.png,nf
images_f_2493.png,f
images_nf_1568.png,nf
images_nf_1438.png,nf
images_nf_1867.png,nf
images_f_3348.png,f
images_nf_818.png,nf
images_nf_777.png,nf
images_nf_774.png,nf
images_nf_2022.png,nf
images_nf_2202.png,nf
images_f_2829.png,f
images_f_3991.png,f
images_f_3833.png,f
images_f_3787.png,f
images_nf_1091.png,nf
images_nf_373.png,nf
images_f_2382.png,f
images_f_2855.png,f
images_f_2830.png,f
images_f_2350.png,f
images_f_4407.png,f
images_f_2839.png,f
images_nf_1.png,nf
images_f_4199.png,f
images_f_3166.png,f
images_f_3052.png,f
images_f_2547.png,f
images_nf_2009.png,nf
images_nf_584.png,nf
images_nf_834.png,nf
images_f_2801.png,f
images_nf_463.png,nf
images_nf_1809.png,nf
images_f_2217.png,f
images_nf_265.png,nf
images_f_3907.png,f
images_f_2688.png,f
images_nf_1681.png,nf
images_f_3107.png,f
images_f_3534.png,f
images_f_3193.png,f
images_nf_1028.png,nf
images_f_4195.png,f
images_nf_1009.png,nf
images_nf_780.png,nf
images_nf_1581.png,nf
images_nf_673.png,nf
images_nf_478.png,nf
images_f_2338.png,f
images_f_3047.png,f
images_nf_977.png,nf
images_f_3223.png,f
images_f_4231.png,f
images_nf_1341.png,nf
images_f_3416.png,f
images_f_2423.png,f
images_f_4265.png,f
images_f_4004.png,f
images_nf_882.png,nf
images_f_2409.png,f
images_nf_908.png,nf
images_nf_521.png,nf
images_f_3944.png,f
images_nf_1535.png,nf
images_nf_652.png,nf
images_f_2659.png,f
images_f_3704.png,f
images_f_3495.png,f
images_f_3780.png,f
images_nf_2124.png,nf
images_nf_773.png,nf
images_f_2597.png,f
images_f_3715.png,f
images_nf_1617.png,nf
images_nf_137.png,nf
images_nf_662.png,nf
images_nf_696.png,nf
images_nf_1625.png,nf
images_f_4137.png,f
images_f_2512.png,f
images_f_4020.png,f
images_f_4074.png,f
images_nf_850.png,nf
images_f_3661.png,f
images_f_3063.png,f
images_nf_332.png,nf
images_f_3910.png,f
images_f_2985.png,f
images_f_3015.png,f
images_f_3688.png,f
images_nf_1029.png,nf
images_nf_97.png,nf
images_nf_915.png,nf
images_f_2644.png,f
images_f_2433.png,f
images_f_3276.png,f
images_nf_1697.png,nf
images_nf_1865.png,nf
images_f_3779.png,f
images_f_2725.png,f
images_nf_1509.png,nf
images_nf_1989.png,nf
images_f_3388.png,f
images_nf_718.png,nf
images_f_3583.png,f
images_f_4154.png,f
images_nf_1663.png,nf
images_nf_1667.png,nf
images_f_2794.png,f
images_f_3286.png,f
images_nf_377.png,nf
images_nf_2043.png,nf
images_f_3939.png,f
images_nf_1510.png,nf
images_nf_657.png,nf
images_nf_565.png,nf
images_f_4142.png,f
images_f_3645.png,f
images_f_2447.png,f
images_nf_347.png,nf
images_f_4035.png,f
images_nf_1376.png,nf
images_f_3499.png,f
images_nf_197.png,nf
images_nf_9.png,nf
images_nf_278.png,nf
images_nf_335.png,nf
images_f_2259.png,f
images_f_2886.png,f
images_f_3521.png,f
images_f_4196.png,f
images_nf_1311.png,nf
images_nf_1839.png,nf
images_nf_1998.png,nf
images_f_2844.png,f
images_f_2458.png,f
images_nf_1645.png,nf
images_nf_1958.png,nf
images_f_4181.png,f
images_f_3644.png,f
images_f_2934.png,f
images_nf_619.png,nf
images_f_3825.png,f
images_f_2469.png,f
images_nf_59.png,nf
images_f_2638.png,f
images_f_2533.png,f
images_f_3376.png,f
images_nf_1485.png,nf
images_f_3749.png,f
images_nf_253.png,nf
images_nf_938.png,nf
images_nf_1153.png,nf
images_nf_1991.png,nf
images_nf_567.png,nf
images_nf_972.png,nf
images_f_2451.png,f
images_f_3293.png,f
images_f_2511.png,f
images_nf_1350.png,nf
images_nf_1795.png,nf
images_f_2817.png,f
images_f_3578.png,f
images_f_2718.png,f
images_nf_1103.png,nf
images_nf_1454.png,nf
images_nf_1050.png,nf
images_f_3468.png,f
images_nf_115.png,nf
images_nf_539.png,nf
images_nf_942.png,nf
images_f_3554.png,f
images_f_4201.png,f
images_nf_306.png,nf
images_nf_419.png,nf
images_nf_464.png,nf
images_nf_391.png,nf
images_f_2987.png,f
images_f_3801.png,f
images_nf_706.png,nf
images_f_2398.png,f
images_nf_14.png,nf
images_nf_1532.png,nf
images_f_3250.png,f
images_nf_708.png,nf
images_nf_1854.png,nf
images_f_4058.png,f
images_f_2325.png,f
images_nf_1049.png,nf
images_nf_64.png,nf
images_f_2870.png,f
images_nf_638.png,nf
images_nf_647.png,nf
images_nf_2108.png,nf
images_nf_879.png,nf
images_f_4048.png,f
images_f_2305.png,f
images_f_3637.png,f
images_f_2700.png,f
images_nf_730.png,nf
images_f_4409.png,f
images_nf_1387.png,nf
images_nf_208.png,nf
images_f_3441.png,f
images_nf_517.png,nf
images_nf_1783.png,nf
images_nf_2069.png,nf
images_nf_303.png,nf
images_f_3218.png,f
images_f_3705.png,f
images_f_2565.png,f
images_nf_1719.png,nf
images_nf_1813.png,nf
images_f_4194.png,f
images_nf_624.png,nf
images_f_2348.png,f
images_nf_1808.png,nf
images_nf_1120.png,nf
images_nf_47.png,nf
images_f_2744.png,f
images_nf_734.png,nf
images_f_4367.png,f
images_f_2824.png,f
images_nf_163.png,nf
images_nf_2044.png,nf
images_nf_614.png,nf
images_f_2213.png,f
images_f_2616.png,f
images_nf_1526.png,nf
images_nf_1000.png,nf
images_nf_1978.png,nf
images_nf_210.png,nf
images_nf_976.png,nf
images_f_3432.png,f
images_f_4040.png,f
images_f_2681.png,f
images_f_3979.png,f
images_nf_800.png,nf
images_f_2977.png,f
images_nf_1329.png,nf
images_nf_1193.png,nf
images_nf_1801.png,nf
images_nf_1138.png,nf
images_nf_1071.png,nf
images_f_4115.png,f
images_f_2230.png,f
images_f_3793.png,f
images_f_3301.png,f
images_f_4187.png,f
images_nf_544.png,nf
images_f_2906.png,f
images_nf_230.png,nf
images_f_4404.png,f
images_nf_684.png,nf
images_nf_855.png,nf
images_nf_2125.png,nf
images_nf_1086.png,nf
images_f_2853.png,f
images_f_2298.png,f
images_f_3869.png,f
images_nf_1906.png,nf
images_f_3192.png,f
images_nf_74.png,nf
images_nf_840.png,nf
images_f_3481.png,f
images_f_3777.png,f
images_f_3687.png,f
images_nf_1765.png,nf
images_nf_1970.png,nf
images_nf_307.png,nf
images_f_2691.png,f
images_nf_1791.png,nf
images_nf_1034.png,nf
images_nf_960.png,nf
images_nf_1594.png,nf
images_f_3651.png,f
images_nf_430.png,nf
images_f_2383.png,f
images_nf_219.png,nf
images_nf_950.png,nf
images_nf_1257.png,nf
images_f_3237.png,f
images_f_2751.png,f
images_nf_951.png,nf
images_nf_805.png,nf
images_f_3064.png,f
images_f_4365.png,f
images_nf_1766.png,nf
images_f_3273.png,f
images_f_3304.png,f
images_f_2592.png,f
images_nf_660.png,nf
images_f_2967.png,f
images_nf_1265.png,nf
images_f_2635.png,f
images_f_3605.png,f
images_f_2879.png,f
images_f_2386.png,f
images_nf_417.png,nf
images_f_3209.png,f
images_nf_1111.png,nf
images_f_2540.png,f
images_nf_218.png,nf
images_nf_1626.png,nf
images_nf_1996.png,nf
images_nf_1075.png,nf
images_nf_353.png,nf
images_f_3845.png,f
images_f_4189.png,f
images_f_3898.png,f
images_nf_1388.png,nf
images_f_2370.png,f
images_nf_2114.png,nf
images_f_3320.png,f
images_nf_2119.png,nf
images_f_2900.png,f
images_nf_874.png,nf
images_f_3259.png,f
images_f_2245.png,f
images_f_2463.png,f
images_f_3514.png,f
images_f_3452.png,f
images_f_2571.png,f
images_f_3594.png,f
images_nf_655.png,nf
images_f_3263.png,f
images_f_3756.png,f
images_f_3769.png,f
images_f_2587.png,f
images_f_3696.png,f
images_nf_171.png,nf
images_nf_61.png,nf
images_nf_629.png,nf
images_f_4057.png,f
images_f_4220.png,f
images_nf_333.png,nf
images_nf_105.png,nf
images_nf_329.png,nf
images_f_3576.png,f
images_f_2296.png,f
images_f_3120.png,f
images_nf_841.png,nf
images_f_2746.png,f
images_f_3622.png,f
images_nf_1293.png,nf
images_f_3803.png,f
images_nf_302.png,nf
images_f_2317.png,f
images_nf_1030.png,nf
images_nf_1841.png,nf
images_nf_1397.png,nf
images_f_4382.png,f
images_nf_261.png,nf
images_nf_1584.png,nf
images_f_2732.png,f
images_nf_1707.png,nf
images_f_3819.png,f
images_f_2660.png,f
images_nf_1136.png,nf
images_nf_664.png,nf
images_f_3336.png,f
images_f_3671.png,f
images_nf_1439.png,nf
images_nf_909.png,nf
images_nf_2175.png,nf
images_nf_1099.png,nf
images_f_3306.png,f
images_nf_1556.png,nf
images_f_3796.png,f
images_nf_1639.png,nf
images_f_4205.png,f
images_nf_525.png,nf
images_nf_1016.png,nf
images_nf_1191.png,nf
images_nf_2104.png,nf
images_f_2474.png,f
images_nf_56.png,nf
images_nf_1229.png,nf
images_f_3512.png,f
images_nf_725.png,nf
images_nf_41.png,nf
images_f_3666.png,f
images_nf_1117.png,nf
images_nf_616.png,nf
images_nf_37.png,nf
images_f_4324.png,f
images_nf_1085.png,nf
images_nf_1422.png,nf
images_f_3917.png,f
images_nf_1662.png,nf
images_nf_80.png,nf
images_nf_833.png,nf
images_nf_448.png,nf
images_nf_1761.png,nf
images_nf_1090.png,nf
images_f_3104.png,f
images_f_3611.png,f
images_f_3881.png,f
images_nf_808.png,nf
images_f_2223.png,f
images_f_3572.png,f
images_nf_1528.png,nf
images_nf_886.png,nf
images_f_2452.png,f
images_f_4256.png,f
images_f_2687.png,f
images_f_2220.png,f
images_nf_1868.png,nf
images_nf_383.png,nf
images_f_4138.png,f
images_nf_791.png,nf
images_f_2876.png,f
images_f_2769.png,f
images_f_3887.png,f
images_nf_1876.png,nf
images_f_3445.png,f
images_f_4155.png,f
images_nf_880.png,nf
images_f_3800.png,f
images_nf_368.png,nf
images_nf_1779.png,nf
images_nf_395.png,nf
images_f_2671.png,f
images_f_3139.png,f
images_nf_885.png,nf
images_f_3290.png,f
images_nf_712.png,nf
images_f_4010.png,f
images_nf_842.png,nf
images_f_3115.png,f
images_f_3606.png,f
images_nf_2045.png,nf
images_nf_862.png,nf
images_nf_240.png,nf
images_nf_505.png,nf
images_f_3476.png,f
images_f_3657.png,f
images_nf_1243.png,nf
images_nf_1519.png,nf
images_f_2266.png,f
images_nf_983.png,nf
images_f_3507.png,f
images_nf_1563.png,nf
images_nf_1740.png,nf
images_f_2341.png,f
images_f_3614.png,f
images_nf_1189.png,nf
images_nf_1001.png,nf
images_nf_1524.png,nf
images_nf_870.png,nf
images_nf_848.png,nf
images_f_3061.png,f
images_nf_1119.png,nf
images_nf_836.png,nf
images_f_2633.png,f
images_f_2640.png,f
images_nf_1157.png,nf
images_nf_1144.png,nf
images_nf_812.png,nf
images_f_3298.png,f
images_nf_526.png,nf
images_f_3725.png,f
images_nf_221.png,nf
images_f_4060.png,f
images_nf_883.png,nf
images_nf_1206.png,nf
images_nf_1491.png,nf
images_f_3095.png,f
images_nf_1937.png,nf
images_nf_130.png,nf
images_nf_754.png,nf
images_f_2570.png,f
images_nf_617.png,nf
images_nf_852.png,nf
images_nf_1520.png,nf
images_f_3603.png,f
images_f_3653.png,f
images_f_2313.png,f
images_f_2264.png,f
images_nf_1195.png,nf
images_f_3215.png,f
images_f_3231.png,f
images_nf_685.png,nf
images_f_3754.png,f
images_f_2776.png,f
images_f_4049.png,f
images_nf_2122.png,nf
images_f_2777.png,f
images_f_4313.png,f
images_f_3066.png,f
images_f_3838.png,f
images_nf_1940.png,nf
images_f_2981.png,f
images_f_3877.png,f
images_f_2330.png,f
images_nf_1804.png,nf
images_f_4304.png,f
images_f_3760.png,f
images_nf_897.png,nf
images_nf_1367.png,nf
images_f_2665.png,f
images_f_3246.png,f
images_nf_553.png,nf
images_nf_809.png,nf
images_nf_473.png,nf
images_nf_169.png,nf
images_nf_1089.png,nf
images_nf_1003.png,nf
images_nf_692.png,nf
images_f_4045.png,f
images_nf_1730.png,nf
images_f_2352.png,f
images_nf_1455.png,nf
images_f_2943.png,f
images_f_3198.png,f
images_nf_2080.png,nf
images_f_2894.png,f
images_f_4191.png,f
images_f_3744.png,f
images_nf_1182.png,nf
images_nf_211.png,nf
images_f_3363.png,f
images_f_3900.png,f
images_nf_1988.png,nf
images_f_2401.png,f
images_nf_2036.png,nf
images_f_2775.png,f
images_nf_1148.png,nf
images_nf_1369.png,nf
images_nf_1910.png,nf
images_nf_238.png,nf
images_f_3660.png,f
images_f_3859.png,f
images_f_3233.png,f
images_f_2703.png,f
images_nf_1559.png,nf
images_f_2215.png,f
images_f_2397.png,f
images_f_3834.png,f
images_nf_583.png,nf
images_f_2699.png,f
images_f_4329.png,f
images_f_3024.png,f
images_f_3812.png,f
images_f_2901.png,f
images_f_4104.png,f
images_f_2470.png,f
images_nf_1871.png,nf
images_f_4197.png,f
images_f_3068.png,f
images_nf_1361.png,nf
images_f_2256.png,f
images_f_3918.png,f
images_f_3694.png,f
images_f_3092.png,f
images_f_2861.png,f
images_nf_680.png,nf
images_nf_1377.png,nf
images_f_3539.png,f
images_f_2528.png,f
images_f_3936.png,f
images_nf_1478.png,nf
images_f_2984.png,f
images_f_3335.png,f
images_nf_613.png,nf
images_nf_832.png,nf
images_nf_2091.png,nf
images_nf_1005.png,nf
images_f_3176.png,f
images_f_3413.png,f
images_nf_263.png,nf
images_nf_1542.png,nf
images_nf_371.png,nf
images_f_2269.png,f
images_f_3718.png,f
images_nf_42.png,nf
images_nf_1426.png,nf
images_nf_1145.png,nf
images_nf_542.png,nf
images_f_3234.png,f
images_f_2598.png,f
images_nf_1241.png,nf
images_f_4403.png,f
images_nf_1618.png,nf
images_f_2460.png,f
images_f_2750.png,f
images_nf_1752.png,nf
images_f_2891.png,f
images_f_2475.png,f
images_nf_713.png,nf
images_f_3941.png,f
images_f_3429.png,f
images_nf_1640.png,nf
images_nf_318.png,nf
images_f_4376.png,f
images_f_2393.png,f
images_nf_1621.png,nf
images_nf_67.png,nf
images_f_3883.png,f
images_nf_749.png,nf
images_f_4109.png,f
images_nf_1115.png,nf
images_f_3220.png,f
images_f_3158.png,f
images_nf_1922.png,nf
images_nf_1732.png,nf
images_f_2446.png,f
images_f_3213.png,f
images_nf_1672.png,nf
images_nf_1846.png,nf
images_f_3770.png,f
images_nf_543.png,nf
images_nf_1037.png,nf
images_f_4202.png,f
images_f_3513.png,f
images_f_4246.png,f
images_f_4275.png,f
images_f_3156.png,f
images_f_2993.png,f
images_f_3302.png,f
images_f_4093.png,f
images_nf_170.png,nf
images_f_2416.png,f
images_nf_313.png,nf
images_nf_1212.png,nf
images_nf_362.png,nf
images_nf_93.png,nf
images_f_3006.png,f
images_nf_1147.png,nf
images_nf_257.png,nf
images_f_3289.png,f
images_f_3116.png,f
images_nf_1828.png,nf
images_nf_1258.png,nf
images_nf_1862.png,nf
images_nf_2026.png,nf
images_nf_216.png,nf
images_f_3057.png,f
images_nf_1494.png,nf
images_nf_596.png,nf
images_f_2954.png,f
images_f_4185.png,f
images_f_2494.png,f
images_nf_826.png,nf
images_f_3001.png,f
images_f_3994.png,f
images_nf_2200.png,nf
images_nf_1203.png,nf
images_nf_1038.png,nf
images_f_2946.png,f
images_f_2975.png,f
images_nf_1513.png,nf
images_nf_1435.png,nf
images_f_2680.png,f
images_nf_477.png,nf
images_f_4250.png,f
images_f_2520.png,f
images_nf_2021.png,nf
images_f_2973.png,f
images_nf_1385.png,nf
images_f_2926.png,f
images_f_3544.png,f
images_f_2233.png,f
images_f_4390.png,f
images_f_4405.png,f
images_f_4234.png,f
images_f_2698.png,f
images_f_2343.png,f
images_f_3804.png,f
images_nf_1627.png,nf
images_f_2783.png,f
images_nf_2076.png,nf
images_nf_1692.png,nf
images_f_3404.png,f
images_nf_1881.png,nf
images_f_2260.png,f
images_nf_2030.png,nf
images_nf_1909.png,nf
images_nf_1537.png,nf
images_nf_283.png,nf
images_f_4006.png,f
images_f_4276.png,f
images_nf_1676.png,nf
images_nf_435.png,nf
images_nf_940.png,nf
images_f_4319.png,f
images_f_3555.png,f
images_f_2404.png,f
images_nf_1708.png,nf
images_nf_2103.png,nf
images_nf_1883.png,nf
images_f_2308.png,f
images_nf_1721.png,nf
images_nf_2152.png,nf
images_f_3532.png,f
images_f_3781.png,f
images_f_4296.png,f
images_nf_1724.png,nf
images_f_2798.png,f
images_nf_861.png,nf
images_f_2394.png,f
images_f_2456.png,f
images_f_3818.png,f
images_nf_1805.png,nf
images_f_4355.png,f
images_f_2874.png,f
images_nf_1337.png,nf
images_nf_225.png,nf
images_f_3531.png,f
images_f_2377.png,f
images_f_2537.png,f
images_nf_1607.png,nf
images_f_2755.png,f
images_nf_117.png,nf
images_f_3951.png,f
images_f_3300.png,f
images_f_3813.png,f
images_nf_555.png,nf
images_nf_645.png,nf
images_nf_1221.png,nf
images_f_2568.png,f
images_f_4281.png,f
images_nf_1601.png,nf
images_nf_2183.png,nf
images_f_4298.png,f
images_f_3581.png,f
images_f_4295.png,f
images_f_2795.png,f
images_nf_626.png,nf
images_nf_1864.png,nf
images_f_3987.png,f
images_f_2741.png,f
images_nf_573.png,nf
images_nf_180.png,nf
images_nf_288.png,nf
images_nf_606.png,nf
images_nf_1026.png,nf
images_nf_2121.png,nf
images_nf_2010.png,nf
images_f_2545.png,f
images_f_3358.png,f
images_f_2522.png,f
images_nf_1967.png,nf
images_f_3727.png,f
images_f_2513.png,f
images_nf_813.png,nf
images_nf_1981.png,nf
images_nf_1941.png,nf
images_nf_2174.png,nf
images_nf_1274.png,nf
images_nf_701.png,nf
images_nf_1770.png,nf
images_f_2919.png,f
images_nf_150.png,nf
images_nf_1165.png,nf
images_f_2276.png,f
images_nf_1199.png,nf
images_f_4117.png,f
images_f_4221.png,f
images_f_3896.png,f
images_nf_204.png,nf
images_nf_101.png,nf
images_nf_1994.png,nf
images_nf_625.png,nf
images_nf_141.png,nf
images_nf_88.png,nf
images_nf_1863.png,nf
images_nf_275.png,nf
images_f_3702.png,f
images_nf_1615.png,nf
images_f_2641.png,f
images_nf_250.png,nf
images_nf_315.png,nf
images_f_3260.png,f
images_f_3923.png,f
images_f_3562.png,f
images_nf_1976.png,nf
images_nf_2049.png,nf
images_nf_827.png,nf
images_nf_1172.png,nf
images_nf_2012.png,nf
images_nf_91.png,nf
images_nf_2164.png,nf
images_f_3023.png,f
images_f_3808.png,f
images_f_3017.png,f
images_f_3033.png,f
images_nf_907.png,nf
images_f_2335.png,f
images_nf_2037.png,nf
images_f_2889.png,f
images_nf_1853.png,nf
images_nf_256.png,nf
images_nf_1378.png,nf
images_f_3840.png,f
images_f_2562.png,f
images_f_2358.png,f
images_f_3405.png,f
images_nf_319.png,nf
images_nf_1837.png,nf
images_f_3966.png,f
images_nf_1459.png,nf
images_f_4235.png,f
images_nf_259.png,nf
images_f_2664.png,f
images_f_3361.png,f
images_nf_1126.png,nf
images_nf_29.png,nf
images_f_4059.png,f
images_nf_1389.png,nf
images_f_3773.png,f
images_f_2791.png,f
images_f_3428.png,f
images_f_3647.png,f
images_nf_1375.png,nf
images_nf_1972.png,nf
images_nf_1911.png,nf
images_nf_1788.png,nf
images_nf_1932.png,nf
images_nf_1425.png,nf
images_f_3110.png,f
images_f_3557.png,f
images_nf_767.png,nf
images_f_2785.png,f
images_nf_254.png,nf
images_nf_1374.png,nf
images_nf_2101.png,nf
images_f_2558.png,f
images_f_4335.png,f
images_f_2683.png,f
images_nf_1226.png,nf
images_f_3498.png,f
images_f_3872.png,f
images_f_2802.png,f
images_f_4385.png,f
images_nf_310.png,nf
images_f_3860.png,f
images_f_3069.png,f
images_nf_714.png,nf
images_f_3313.png,f
images_nf_863.png,nf
images_nf_119.png,nf
images_nf_2137.png,nf
images_f_3475.png,f
images_nf_1668.png,nf
images_nf_482.png,nf
images_f_3565.png,f
images_f_3517.png,f
images_nf_1705.png,nf
images_f_3592.png,f
images_f_3548.png,f
images_nf_2207.png,nf
images_nf_1870.png,nf
images_nf_1471.png,nf
images_f_3356.png,f
images_nf_1291.png,nf
images_f_3953.png,f
images_f_2501.png,f
images_f_4164.png,f
images_f_2895.png,f
images_f_3730.png,f
images_f_2702.png,f
images_nf_1576.png,nf
images_nf_156.png,nf
images_nf_1344.png,nf
images_nf_1116.png,nf
images_f_3798.png,f
images_f_4166.png,f
images_nf_1742.png,nf
images_f_4383.png,f
images_f_4139.png,f
images_f_3032.png,f
images_f_3465.png,f
images_nf_2151.png,nf
images_nf_748.png,nf
images_f_2809.png,f
images_f_3940.png,f
images_nf_2129.png,nf
images_f_2629.png,f
images_f_4116.png,f
images_f_2945.png,f
images_f_3855.png,f
images_nf_817.png,nf
images_nf_2099.png,nf
images_f_2275.png,f
images_nf_1343.png,nf
images_f_2464.png,f
images_nf_1744.png,nf
images_f_3998.png,f
images_f_2243.png,f
images_nf_426.png,nf
images_f_3935.png,f
images_nf_1279.png,nf
images_nf_1820.png,nf
images_nf_2160.png,nf
images_nf_447.png,nf
images_nf_694.png,nf
images_nf_1764.png,nf
images_nf_967.png,nf
images_f_2385.png,f
images_f_2518.png,f
images_f_4334.png,f
images_f_3202.png,f
images_f_3701.png,f
images_f_2808.png,f
images_f_3398.png,f
images_nf_21.png,nf
images_f_3126.png,f
images_f_4285.png,f
images_f_4274.png,f
images_nf_973.png,nf
images_nf_1449.png,nf
images_f_3249.png,f
images_f_4393.png,f
images_f_3778.png,f
images_f_2479.png,f
images_nf_1806.png,nf
images_f_3099.png,f
images_nf_1181.png,nf
images_f_4098.png,f
images_f_2240.png,f
images_nf_1087.png,nf
images_f_2481.png,f
images_f_2588.png,f
images_f_2289.png,f
images_nf_363.png,nf
images_nf_1200.png,nf
images_nf_778.png,nf
images_f_4066.png,f
images_nf_1654.png,nf
images_nf_205.png,nf
images_f_4052.png,f
images_nf_2140.png,nf
images_f_3467.png,f
images_f_3459.png,f
images_nf_1477.png,nf
images_f_2600.png,f
images_nf_495.png,nf
images_nf_1498.png,nf
images_f_3560.png,f
images_f_3170.png,f
images_nf_901.png,nf
images_nf_1411.png,nf
images_nf_327.png,nf
images_f_3995.png,f
images_nf_2153.png,nf
images_f_2728.png,f
images_f_3210.png,f
images_f_2315.png,f
images_f_3340.png,f
images_nf_1819.png,nf
images_nf_755.png,nf
images_f_2301.png,f
images_f_4326.png,f
images_nf_1682.png,nf
images_nf_72.png,nf
images_nf_1649.png,nf
images_f_2550.png,f
images_f_2822.png,f
images_f_3722.png,f
images_f_3679.png,f
images_nf_523.png,nf
images_nf_1205.png,nf
images_nf_1294.png,nf
images_nf_1233.png,nf
images_f_4300.png,f
images_nf_1237.png,nf
images_f_4374.png,f
images_f_3933.png,f
images_nf_1921.png,nf
images_nf_1161.png,nf
images_f_3207.png,f
images_nf_556.png,nf
images_f_3604.png,f
images_nf_1202.png,nf
images_nf_599.png,nf
images_nf_1706.png,nf
images_nf_1896.png,nf
images_nf_438.png,nf
images_f_2538.png,f
images_f_4163.png,f
images_f_3380.png,f
images_f_3682.png,f
images_nf_1522.png,nf
images_f_4180.png,f
images_nf_787.png,nf
images_f_3037.png,f
images_nf_73.png,nf
images_nf_1176.png,nf
images_nf_829.png,nf
images_nf_314.png,nf
images_nf_460.png,nf
images_f_3527.png,f
images_f_2291.png,f
images_nf_995.png,nf
images_f_2278.png,f
images_f_3187.png,f
images_nf_2016.png,nf
images_nf_1835.png,nf
images_nf_461.png,nf
images_nf_982.png,nf
images_nf_1523.png,nf
images_f_3776.png,f
images_nf_970.png,nf
images_f_4321.png,f
images_f_3275.png,f
images_f_2979.png,f
images_f_2326.png,f
images_nf_666.png,nf
images_f_2279.png,f
images_nf_928.png,nf
images_nf_1869.png,nf
images_f_4261.png,f
images_f_3740.png,f
images_nf_285.png,nf
images_nf_1456.png,nf
images_f_2771.png,f
images_f_3420.png,f
images_nf_116.png,nf
images_nf_1184.png,nf
images_nf_682.png,nf
images_f_3035.png,f
images_nf_158.png,nf
images_nf_934.png,nf
images_nf_980.png,nf
images_f_3886.png,f
images_f_2730.png,f
images_nf_1977.png,nf
images_nf_182.png,nf
images_f_3937.png,f
images_f_3447.png,f
images_f_4362.png,f
images_f_2928.png,f
images_f_3618.png,f
images_f_2425.png,f
images_nf_1919.png,nf
images_nf_1961.png,nf
images_nf_1699.png,nf
images_nf_2195.png,nf
images_nf_1384.png,nf
images_nf_147.png,nf
images_nf_884.png,nf
images_f_4092.png,f
images_nf_177.png,nf
images_nf_925.png,nf
images_nf_1335.png,nf
images_nf_653.png,nf
images_nf_133.png,nf
images_f_4363.png,f
images_f_3437.png,f
images_f_3448.png,f
images_f_2965.png,f
images_f_3976.png,f
images_nf_418.png,nf
images_f_2983.png,f
images_f_3392.png,f
images_nf_1885.png,nf
images_f_3367.png,f
images_nf_1319.png,nf
images_nf_178.png,nf
images_f_3628.png,f
images_f_2209.png,f
images_nf_1207.png,nf
images_nf_2100.png,nf
images_nf_1832.png,nf
images_f_4014.png,f
images_f_3216.png,f
images_f_3882.png,f
images_f_2996.png,f
images_f_3091.png,f
images_nf_554.png,nf
images_nf_1409.png,nf
images_nf_1860.png,nf
images_f_2448.png,f
images_f_2428.png,f
images_f_3786.png,f
images_nf_916.png,nf
images_f_3814.png,f
images_nf_1246.png,nf
images_f_4411.png,f
images_f_3549.png,f
images_nf_819.png,nf
images_f_2478.png,f
images_f_3957.png,f
images_nf_1093.png,nf
images_f_2942.png,f
images_nf_356.png,nf
images_nf_2112.png,nf
images_f_3005.png,f
images_f_3240.png,f
images_f_2216.png,f
images_nf_898.png,nf
images_nf_441.png,nf
images_nf_1566.png,nf
images_nf_1610.png,nf
images_f_4216.png,f
images_f_3308.png,f
images_nf_618.png,nf
images_f_2439.png,f
images_f_3186.png,f
images_nf_55.png,nf
images_nf_519.png,nf
images_f_3038.png,f
images_nf_269.png,nf
images_f_2224.png,f
images_f_3108.png,f
images_f_3442.png,f
images_nf_220.png,nf
images_f_3807.png,f
images_f_4408.png,f
images_f_2395.png,f
images_nf_551.png,nf
images_f_2826.png,f
images_nf_453.png,nf
images_f_2514.png,f
images_nf_1121.png,nf
images_nf_1046.png,nf
images_nf_1786.png,nf
images_f_3639.png,f
images_f_3866.png,f
images_nf_686.png,nf
images_nf_1611.png,nf
images_f_3501.png,f
images_nf_475.png,nf
images_nf_751.png,nf
images_f_3238.png,f
images_f_3874.png,f
images_nf_1874.png,nf
images_nf_422.png,nf
images_f_3832.png,f
images_f_2328.png,f
images_f_4063.png,f
images_nf_325.png,nf
images_f_3124.png,f
images_nf_2198.png,nf
images_nf_125.png,nf
images_nf_70.png,nf
images_nf_1790.png,nf
images_f_4132.png,f
images_f_3008.png,f
images_nf_1882.png,nf
images_nf_798.png,nf
images_f_3909.png,f
images_nf_1445.png,nf
images_f_3746.png,f
images_nf_1474.png,nf
images_f_2559.png,f
images_f_2231.png,f
images_f_4272.png,f
images_f_3365.png,f
images_nf_506.png,nf
images_nf_1356.png,nf
images_f_3450.png,f
images_f_4379.png,f
images_f_2347.png,f
images_nf_1823.png,nf
images_nf_1300.png,nf
images_f_3121.png,f
images_f_3140.png,f
images_nf_1540.png,nf
images_nf_431.png,nf
images_f_4309.png,f
images_nf_2134.png,nf
images_f_3889.png,f
images_f_2299.png,f
images_nf_228.png,nf
images_nf_164.png,nf
images_nf_689.png,nf
images_nf_1895.png,nf
images_f_4038.png,f
images_f_4343.png,f
images_nf_1647.png,nf
images_f_3041.png,f
images_f_3151.png,f
images_nf_707.png,nf
images_nf_1021.png,nf
images_nf_1800.png,nf
images_f_2503.png,f
images_f_3179.png,f
images_nf_1533.png,nf
images_nf_1168.png,nf
images_nf_1273.png,nf
images_nf_142.png,nf
images_f_3345.png,f
images_f_3180.png,f
images_f_2497.png,f
images_f_3013.png,f
images_f_4284.png,f
images_nf_723.png,nf
images_f_2713.png,f
images_f_3359.png,f
images_f_2959.png,f
images_f_3087.png,f
images_nf_576.png,nf
images_nf_1861.png,nf
images_nf_562.png,nf
images_f_4290.png,f
images_nf_529.png,nf
images_nf_396.png,nf
images_nf_913.png,nf
images_nf_1538.png,nf
images_nf_1404.png,nf
images_nf_1256.png,nf
images_f_3649.png,f
images_f_3697.png,f
images_f_2354.png,f
images_nf_2106.png,nf
images_f_4287.png,f
images_nf_124.png,nf
images_nf_838.png,nf
images_f_3357.png,f
images_f_4330.png,f
images_nf_1984.png,nf
images_nf_1934.png,nf
images_nf_531.png,nf
images_f_2859.png,f
images_nf_993.png,nf
images_nf_515.png,nf
images_f_3674.png,f
images_f_2210.png,f
images_f_2499.png,f
images_nf_1739.png,nf
images_f_4054.png,f
images_f_2574.png,f
images_nf_794.png,nf
images_f_3616.png,f
images_f_3339.png,f
images_f_2867.png,f
images_f_2863.png,f
images_nf_1802.png,nf
images_f_4170.png,f
images_f_2964.png,f
images_f_2288.png,f
images_nf_1347.png,nf
images_nf_605.png,nf
images_nf_745.png,nf
images_nf_312.png,nf
images_f_4400.png,f
images_f_3784.png,f
images_nf_2098.png,nf
images_nf_183.png,nf
images_nf_1517.png,nf
images_f_2647.png,f
images_f_2625.png,f
images_f_4186.png,f
images_f_4316.png,f
images_nf_1240.png,nf
images_f_2453.png,f
images_nf_468.png,nf
images_nf_1999.png,nf
images_nf_2185.png,nf
images_nf_2074.png,nf
images_nf_1316.png,nf
images_nf_1890.png,nf
images_nf_602.png,nf
images_nf_146.png,nf
images_nf_451.png,nf
images_nf_1684.png,nf
images_nf_877.png,nf
images_nf_2071.png,nf
images_f_2524.png,f
images_f_3309.png,f
images_f_4292.png,f
images_nf_260.png,nf
images_f_3378.png,f
images_f_3408.png,f
images_nf_1351.png,nf
images_nf_2050.png,nf
images_f_2972.png,f
images_f_2618.png,f
images_nf_1469.png,nf
images_nf_22.png,nf
images_f_3864.png,f
images_f_3364.png,f
images_nf_678.png,nf
images_nf_1070.png,nf
images_nf_558.png,nf
images_f_3079.png,f
images_nf_412.png,nf
images_nf_677.png,nf
images_f_3103.png,f
images_nf_975.png,nf
images_nf_830.png,nf
images_nf_1948.png,nf
images_f_3433.png,f
images_f_3969.png,f
images_nf_1174.png,nf
images_f_2825.png,f
images_f_3412.png,f
images_f_2819.png,f
images_nf_2172.png,nf
images_f_4318.png,f
images_nf_1076.png,nf
images_f_3483.png,f
images_f_2820.png,f
images_nf_2138.png,nf
images_nf_1380.png,nf
images_nf_1004.png,nf
images_nf_1363.png,nf
images_f_3089.png,f
images_f_2241.png,f
images_nf_776.png,nf
images_nf_2025.png,nf
images_nf_962.png,nf
images_nf_1178.png,nf
images_f_2909.png,f
images_nf_1593.png,nf
images_f_3766.png,f
images_f_3748.png,f
images_f_2381.png,f
images_nf_1933.png,nf
images_nf_790.png,nf
images_nf_2113.png,nf
images_f_3795.png,f
images_f_2890.png,f
images_nf_533.png,nf
images_nf_702.png,nf
images_f_2526.png,f
images_f_2379.png,f
images_f_4269.png,f
images_nf_367.png,nf
images_f_2887.png,f
images_nf_1887.png,nf
images_f_4001.png,f
images_f_2805.png,f
images_f_2582.png,f
images_f_4183.png,f
images_f_3332.png,f
images_f_4306.png,f
images_nf_2024.png,nf
images_nf_639.png,nf
images_nf_1044.png,nf
images_f_3550.png,f
images_nf_1648.png,nf
images_f_4237.png,f
images_f_2670.png,f
images_nf_2193.png,nf
images_nf_998.png,nf
images_f_2477.png,f
images_nf_1419.png,nf
images_f_3003.png,f
images_nf_131.png,nf
images_nf_1358.png,nf
images_nf_2093.png,nf
images_nf_1104.png,nf
images_f_2929.png,f
images_f_2578.png,f
images_f_2573.png,f
images_f_3043.png,f
images_nf_481.png,nf
images_f_2608.png,f
images_f_2567.png,f
images_nf_2173.png,nf
images_nf_2161.png,nf
images_f_4346.png,f
images_nf_1289.png,nf
images_nf_1858.png,nf
images_nf_958.png,nf
images_nf_1427.png,nf
images_f_3496.png,f
images_nf_188.png,nf
images_nf_760.png,nf
images_nf_1880.png,nf
images_nf_2166.png,nf
images_nf_604.png,nf
images_nf_1505.png,nf
images_nf_1623.png,nf
images_f_2541.png,f
images_nf_498.png,nf
images_nf_1750.png,nf
images_nf_1410.png,nf
images_nf_1499.png,nf
images_f_3422.png,f
images_f_4188.png,f
images_nf_1745.png,nf
images_f_3850.png,f
images_nf_2075.png,nf
images_f_4023.png,f
images_nf_1130.png,nf
images_f_2430.png,f
images_nf_726.png,nf
images_nf_1359.png,nf
images_nf_1417.png,nf
images_f_2408.png,f
images_nf_2014.png,nf
images_f_3471.png,f
